STUDY,TOTALVARS
1,61014
2,11
3,6146
4,88952
5,1149
6,16490
7,212
8,406
9,24
10,424
11,1080
12,1547
13,2073
14,48
15,539
16,3798
17,190
18,-132
19,441
20,493
21,762
22,173
24,143
25,3068
26,117
27,408
28,97
29,27
30,59
31,32
32,46
33,1079
34,2247
35,57
36,47
37,68
38,560
39,-14
40,208
41,673
42,452
43,802
44,15
45,526
46,45
47,41
48,38206
49,55
51,1094
52,0
54,-2
55,-2
56,-8
57,-2
58,-2
59,24
60,46
61,1100
62,24
64,75
65,140
66,171
67,2038
69,454
71,1945
72,1246
73,13
74,13
75,3350
77,-102
78,17
79,10152
80,30
168,-1
169,-12
171,5304
1340,-1
1341,-1
1344,-1
1346,-1
2000,183
2003,164
2004,82
2018,447
2019,28
2021,1190
2022,-1
2023,1482
2024,483
2025,1266
2026,884
2027,248
2028,261
2029,395
2030,187
2031,96
2032,81
2033,120
2034,77
2035,117
2036,-2
2037,-2
2038,995
2039,1635
2042,408
2043,254
2044,264
2056,28
2057,-2
2058,-2
2059,-2
2060,-2
2061,43
2062,-2
2063,-2
2065,-2
2066,-2
2067,-2
2068,-2
2069,61
2071,66
2072,-2
2073,-2
2074,-2
2075,113
2076,82
2077,148
2078,136
2079,-2
2080,-2
2081,37
2082,34
2083,37
2084,34
2086,227
2087,2612
2088,550
2089,481
2090,341
2091,395
2094,-2
2095,-2
2096,-2
2097,-2
2098,-2
2099,-2
2100,44
2102,270
2103,270
2104,259
2105,259
2106,259
2107,159
2109,43
2110,43
2111,307
2113,-2
2116,-2
2118,-2
2120,-2
2125,26
2126,25
2127,24
2128,25
2129,25
2130,25
2131,24
2132,21
2133,21
2134,28
2135,28
2136,21
2138,60
2139,60
2140,64
2141,59
2142,61
2143,57
2145,-2
2146,50
2147,-2
2148,-2
2149,2288
2150,-2
2151,146
2152,474
2153,456
2154,-1
2155,49
2157,-2
2158,-2
2160,358
2161,238
2163,4367
2164,122
2165,44
2166,16
2167,130
2168,23
2169,79
2170,74
2171,82
2172,25
2173,97
2174,25
2175,148
2176,30
2177,66
2178,120
2179,39
2180,166
2181,92
2182,168
2183,390
2184,62
2185,62
2186,62
2187,62
2188,-2
2190,-2
2191,-2
2192,-2
2193,8984
2194,297
2197,-2
2198,-2
2199,-2
2201,784
2202,-2
2203,-2
2204,-2
2205,-2
2206,14
2207,14
2208,197
2209,259
2210,81
2211,45
2213,130
2214,79
2215,154
2217,316
2218,318
2219,296
2220,458
2221,55
2222,88
2224,190
2225,183
2226,128
2227,387
2228,10
2229,1086
2230,28
2231,4754
2232,332
2233,66
2234,139
2235,217
2236,225
2237,216
2238,111
2239,49
2240,50
2241,50
2242,289
2244,26
2245,20
2246,22
2247,22
2248,22
2250,73
2251,73
2253,96
2254,78
2256,361
2257,75
2258,9782
2259,321
2260,30
2261,174
2262,-262
2263,299
2264,2578
2266,26
2267,60
2268,2441
2269,48
2271,49
2274,26
2276,44
2277,48
2279,15
2280,207
2281,-2
2282,1850
2283,30
2284,27
2285,240
2287,86
2288,308
2289,91
2291,718
2292,374
2293,133
2294,2388
2295,1205
2296,174
2297,459
2299,132
2300,-2
2301,-2
2302,-2
2303,61
2304,93
2305,65
2306,-2
2307,-2
2308,-2
2309,-2
2310,546
2311,67
2312,2364
2313,81
2315,1381
2317,455
2318,457
2319,445
2320,297
2321,284
2322,288
2323,261
2324,304
2325,401
2326,276
2327,277
2328,250
2329,250
2330,310
2331,304
2332,304
2333,341
2334,458
2335,423
2336,423
2337,341
2338,394
2339,355
2340,486
2341,129
2343,149
2344,3541
2346,751
2347,840
2349,-2
2350,1200
2352,1609
2353,997
2354,-2
2355,-2
2357,-2
2358,-2
2359,-2
2360,-2
2361,247
2362,1222
2363,-2
2364,433
2365,-4
2367,788
2368,-18
2369,-18
2370,783
2371,775
2372,51
2373,95
2374,77
2375,6
2376,8
2377,25
2378,208
2380,360
2381,365
2382,365
2383,366
2385,179
2386,30
2387,20
2388,85
2389,390
2390,1186
2391,1446
2392,975
2393,92
2394,49
2395,511
2396,581
2397,377
2398,340
2399,377
2402,235
2403,239
2404,249
2405,555
2406,123
2407,4914
2408,-2
2409,252
2410,295
2411,294
2412,306
2413,303
2414,348
2415,349
2416,311
2419,390
2420,5544
2421,234
2422,-4
2423,28
2424,31
2426,36
2427,31
2430,31
2433,128
2443,558
2446,-18
2447,208
2448,297
2449,522
2450,370
2451,-2
2452,62
2453,-2
2454,-2
2455,-2
2456,-2
2457,-2
2458,80
2459,73
2460,-2
2461,-2
2462,-2
2464,-2
2465,321
2466,542
2467,910
2468,292
2469,292
2470,69
2475,1172
2476,2378
2477,2350
2478,1474
2479,100
2480,53
2481,37
2482,-2
2484,-2
2485,23
2486,-2
2489,22
2490,32
2491,19
2492,76
2494,-2
2495,18
2496,22
2497,45
2498,51
2500,46
2502,64
2503,37
2504,16
2505,22
2506,59
2507,25
2508,-2
2509,24
2510,50
2511,32
2512,27
2513,7530
2514,109
2515,27
2520,67
2521,1124
2522,1108
2523,1170
2524,486
2525,132
2526,43
2528,165
2529,-2
2530,-2
2531,211
2532,825
2533,444
2534,21
2535,999
2538,3420
2539,4
2540,4
2541,-2
2542,71
2543,126
2544,-2
2545,-2
2546,-2
2547,-2
2548,125
2549,-2
2551,42
2552,44
2553,44
2554,66
2555,3
2556,414
2557,368
2558,127
2559,663
2560,70
2561,162
2562,656
2563,1333
2564,234
2565,7
2566,3706
2567,400
2568,900
2570,292
2571,620
2573,-1
2574,-2
2575,441
2576,656
2577,-2
2578,900
2580,261
2581,442
2582,853
2583,49
2584,465
2585,286
2586,394
2587,465
2588,203
2589,307
2591,517
2592,1634
2593,626
2594,1092
2597,209
2598,2673
2600,132
2601,-2
2602,-2
2603,-2
2604,48
2606,-2
2607,-2
2608,-2
2609,-2
2610,-2
2611,-2
2612,390
2613,-6
2614,-12
2615,703
2616,1684
2617,691
2618,701
2619,803
2620,30
2623,1207
2624,130
2625,2465
2626,475
2627,6
2628,197
2629,89
2631,81
2632,110
2633,43
2634,30
2635,60
2636,19
2637,49
2638,21
2640,24
2641,37
2642,19
2643,149
2644,57
2645,109
2646,79
2647,64
2648,69
2649,92
2650,177
2651,62
2652,136
2653,-2
2655,190
2656,257
2657,-2
2658,-2
2659,165
2660,69
2661,479
2662,-2
2663,-2
2664,-2
2665,-2
2666,-2
2667,-2
2668,-2
2669,-2
2670,-2
2671,129
2672,-2
2673,-2
2674,-2
2675,-2
2676,-2
2677,-2
2678,-2
2679,908
2680,135
2681,465
2682,161
2683,322
2684,737
2686,2446
2687,300
2688,491
2690,-2
2691,1650
2692,390
2693,799
2694,564
2695,646
2696,553
2697,-2
2698,21
2699,179
2700,706
2701,351
2702,975
2703,-2
2704,460
2705,12982
2706,11
2707,527
2708,80
2709,79
2710,70
2711,65
2712,72
2713,71
2714,33
2715,65
2716,123
2717,114
2718,107
2719,164
2720,93
2721,113
2722,78
2723,35
2724,177
2725,129
2726,60
2727,71
2728,73
2729,133
2730,168
2731,978
2732,315
2733,3216
2734,2068
2735,138
2736,37
2737,37
2738,515
2739,3042
2740,-4
2741,-1
2742,89
2743,984
2744,78
2745,3389
2746,2230
2747,378
2748,3788
2749,1092
2750,131
2751,2352
2752,2298
2753,23
2754,378
2755,1430
2756,172
2757,209
2760,2261
2761,30
2762,1175
2763,2886
2764,390
2765,1482
2766,460
2767,34
2768,34
2769,50
2770,42
2771,33
2772,76
2773,51
2774,61
2775,31
2776,91
2777,204
2778,1178
2781,-2
2783,94
2784,71
2785,79
2786,71
2787,114
2788,2206
2789,1720
2791,971
2792,135
2793,321
2794,956
2795,1173
2796,-290
2797,-1
2798,282
2800,65
2801,30
2802,62
2803,-2
2804,-2
2805,13
2806,468
2807,176
2809,539
2810,-2
2811,1880
2812,1188
2813,13
2814,431
2815,68
2816,1586
2820,292
2821,291
2822,184
2823,68
2825,-1
2826,78
2827,135
2828,115
2829,149
2830,459
2831,774
2832,62
2833,1120
2834,172
2835,545
2836,1006
2837,459
2838,2966
2839,444
2840,76
2841,13
2844,546
2845,120
2846,80
2847,101
2848,124
2849,105
2850,152
2851,487
2852,411
2853,1066
2854,501
2855,432
2856,1121
2857,1066
2858,721
2859,102
2863,103
2864,546
2865,825
2866,82
2867,129
2868,136
2869,118
2870,-2
2871,-2
2872,-2
2873,95
2874,-2
2875,369
2876,29
2877,23710
2878,357
2879,333
2880,719
2881,438
2882,44
2883,265
2884,1702
2885,60
2887,234
2888,156
2889,1572
2890,78
2891,161
2892,893
2893,702
2894,13
2895,160
2896,70986
2898,-2
2899,485
2900,4904
2901,127
2902,104
2903,-2
2904,1449
2905,1127
2906,152
2907,2265
2908,89
2910,390
2911,214
2912,1015
2913,1550
2914,598
2915,-2
2916,-4
2917,3122
2918,68
2919,142
2920,-2
2921,-2
2922,-2
2923,104
2924,153
2926,132
2927,96
2928,140
2929,-2
2930,-60
2931,-59
2932,-175
2933,-180
2934,1405
2935,1071
2936,1278
2937,39
2938,239
2939,2346
2940,2350
2941,522
2942,366
2943,337
2944,339
2945,333
2946,340
2947,341
2948,405
2949,417
2950,353
2951,423
2952,559
2953,1110085
2954,1672
2955,20
2956,22
2957,1797
2958,696
2959,49
2960,763
2961,119
2962,8148
2963,27
2964,100
2965,119
2966,121
2967,116
2968,67
2969,27
2970,69
2971,2148
2973,511
2974,234
2975,234
2976,133
2977,37
2978,2704
2979,170
2980,93
2981,112
2982,-2
2983,125
2984,151
2985,151
2986,105
2987,119
2988,447
2989,196
2990,48
2991,357
2992,1130
2993,1477
2994,714
2995,275
2996,-6
2997,-2
2998,444
2999,116
3000,64
3001,1071
3002,1809
3003,-2
3004,904
3009,101
3010,36771
3011,78
3012,514
3013,60
3014,959
3015,407
3016,96
3017,1446
3018,46
3019,507
3020,15227
3021,145
3022,431
3023,2263
3024,62
3025,168
3026,28
3029,297
3030,195
3031,321
3037,-2
3038,-2
3039,-2
3040,-2
3041,-2
3042,-2
3043,-2
3044,-2
3045,-2
3046,-2
3047,-2
3048,-1
3049,74
3050,301
3051,57
3052,110
3053,129
3054,29
3055,21
3056,64
3057,57
3058,136
3062,228
3063,76
3064,683
3067,58
3068,40
3069,33
3070,61
3071,68
3072,160
3073,77
3074,112
3075,156
3076,78
3077,78
3078,249
3079,339
3080,37
3081,1448
3082,468
3083,1811
3084,2024
3085,1104
3086,1514
3087,-8
3088,5873
3089,1052
3090,1703
3091,917
3092,1070
3093,1023
3094,187
3095,2951
3096,807
3097,1150
3098,1194
3099,2158
3100,577
3101,1119
3102,290
3103,69
3104,146
3105,43
3106,5328
3107,2263
3108,31
3109,111
3110,145
3111,121
3114,75
3116,44
3117,39
3118,38
3119,41
3120,119
3121,119
3122,135
3123,137
3124,118
3125,119
3126,141
3127,20
3129,82
3130,156
3131,1883
3132,50
3134,64
3135,6
3136,21
3137,3960
3138,101
3139,9770
3141,78
3142,137
3144,-104
3145,128
3146,-6
3147,13
3148,-6
3149,-6
3150,-6
3151,311
3152,279
3153,201
3154,215
3155,9155
3156,1084
3157,234
3158,1449
3159,468
3160,733
3161,206
3162,153
3163,430
3164,1127
3165,2265
3166,312
3167,387
3168,-2
3169,445
3170,370
3171,465
3172,439
3173,89
3174,959
3175,-2
3176,-2
3177,-2
3178,-2
3179,-2
3180,64
3181,27
3182,371
3183,2346
3184,2340
3185,232
3186,307
3187,191
3188,65
3189,99
3190,720
3191,374
3192,2152
3193,129
3194,-104
3196,107
3198,4259
3199,419
3201,37
3202,8880
3203,3912
3204,1044
3205,84
3206,468
3207,321
3208,370
3209,465
3210,555
3211,386
3212,4587
3213,33
3214,70
3215,76
3216,120
3217,71
3218,78
3219,122
3220,73
3221,81
3222,138
3223,116
3224,104
3225,102
3226,231
3227,677
3228,1302
3229,78
3230,81
3231,106
3232,100
3233,104
3234,106
3235,106
3236,125
3237,63
3238,86
3239,1437
3240,432
3241,42
3242,93
3243,93
3244,93
3245,-2
3246,-2
3247,-2
3248,-2
3249,-2
3250,-2
3251,133
3252,252
3253,1055
3254,63
3255,1547
3259,312
3260,485
3261,84
3262,1865
3263,1540
3264,-4
3265,-4
3266,-4
3267,160
3268,130
3269,882
3270,84
3271,129
3272,555
3273,120
3274,81
3275,128
3276,59
3277,44
3278,149
3279,78
3281,499
3282,224
3283,62
3284,468
3285,101
3286,76
3287,109
3288,70
3289,34
3290,43
3291,199
3293,-1
3294,29
3295,64
3298,31
3299,58
3300,30
3301,-1
3302,562
3303,410
3304,-2
3305,-2
3306,805
3307,-2
3308,-2
3309,-2
3310,-2
3311,-2
3312,-2
3313,215
3314,62
3315,-2
3316,65
3317,191
3318,1178
3319,394
3320,37
3321,92
3322,40
3323,1076
3324,33
3325,-2
3326,180
3327,-2
3328,-2
3329,-2
3330,-2
3332,-2
3333,-2
3334,762
3335,0
3336,324
3337,2156
3339,297
3340,910
3341,606
3342,99
3343,117
3344,123
3345,57
3346,116
3347,71
3348,105
3349,132
3350,90
3351,77
3352,126
3353,637
3354,2150
3355,6427
3356,184
3361,447
3362,403
3363,471
3364,45
3365,61
3366,757
3368,156
3370,29489
3371,237
3373,144
3374,108
3375,123
3376,76
3377,91
3378,111
3379,124
3380,851
3381,2673
3382,206
3383,206
3384,132
3385,475
3386,474
3387,-4
3388,-4
3389,234
3390,-4
3391,18
3393,1103
3395,1589
3396,2109
3397,2128
3398,97
3399,59
3400,45
3401,319
3402,1150
3403,146
3404,9473
3406,250
3407,730
3408,79
3409,79
3410,124
3411,105
3412,493
3413,430
3414,230
3415,255
3416,151
3418,229
3419,34
3420,35
3421,34
3422,13
3423,79
3424,432
3425,2345
3426,2286
3427,326
3429,123
3430,43
3431,50
3432,75
3433,78
3434,67
3435,175
3436,136
3437,171
3438,6420
3439,17
3440,268
3442,60
3443,89
3445,2265
3446,1127
3447,1449
3448,153
3449,321
3450,1720
3451,388
3452,1181
3453,-2
3454,-2
3455,-2
3456,-2
3458,93
3459,112
3460,123
3461,135
3462,-2
3463,390
3464,47
3465,21
3466,28
3468,271
3469,531
3471,1563
3472,108
3473,819
3474,156
3475,516
3476,476
3477,3973
3478,314
3479,31
3480,1957
3481,30
3482,59
3483,854
3484,90
3485,17
3486,17
3487,1112
3488,257
3489,209
3490,430
3491,78
3492,1033
3493,44
3494,44
3495,1096
3496,5058
3497,4717
3498,937
3499,60
3500,785
3501,248
3502,78
3503,569
3504,342
3505,5220
3507,664
3508,567
3509,5144
3510,791
3511,67
3512,1310
3514,130
3515,32
3516,18
3517,-1
3518,-1
3519,-1
3520,597
3521,462
3522,255
3523,-2
3524,-1
3525,-1
3526,2709
3528,166
3529,166
3530,166
3531,166
3532,166
3533,166
3534,219
3537,78
3538,49
3540,78
3541,78
3542,698
3543,341
3545,231
3546,26656
3547,12
3548,274
3549,30
3550,170
3551,1002
3552,1366
3553,114
3554,98
3555,34
3556,81
3557,93
3558,59
3559,89
3560,46
3561,74
3562,24
3563,43
3564,157
3565,438
3566,34
3567,4973
3568,332
3569,220
3570,316
3571,337
3572,209
3573,17
3575,726
3576,837
3577,33
3579,733
3580,2113
3581,312
3582,78
3583,135
3584,0
3585,78
3586,24
3587,24
3588,24
3589,24
3590,24
3591,16
3592,24
3593,1114
3594,-2
3595,614
3596,1683
3597,124
3598,60
3599,104
3600,349
3601,-2
3602,236
3603,140
3604,120
3605,1898
3606,-2
3607,1864
3608,-2
3609,-2
3611,-2
3612,-2
3613,-2
3614,-2
3615,-2
3616,-2
3617,-2
3618,-2
3619,-2
3620,-2
3621,-2
3622,-2
3623,310
3625,478
3626,-2
3627,379
3628,180
3629,327
3630,298
3631,-2
3632,-2
3633,304
3634,139
3635,104
3636,1665
3637,-2
3661,788
3662,1404
3663,405
3664,-1
3665,445
3667,37
3668,-15
3669,506
3670,434
3671,1
3672,62
3673,579
3674,2906
3675,1589
3676,5627
3677,1989
3678,1473
3679,1136
3680,131
3686,1397
3687,179
3688,228
3689,226
3692,78
3693,111
3694,111
3695,87
3696,71
3697,129
3698,110
3699,90
3700,127
3701,77
3702,87
3703,133
3704,131
3705,91
3706,135
3707,93
3708,131
3709,117
3710,129
3711,129
3712,51
3713,231
3714,-2
3715,313
3716,76
3717,105
3718,85
3721,388
3722,153
3723,1449
3724,566
3725,333
3726,607
3727,165
3729,78
3730,138
3731,507
3732,442
3733,33
3734,1254
3735,219
3736,38
3737,42
3738,56
3739,275
3740,1079
3741,100
3742,-2
3743,124
3744,126
3745,77
3746,123
3747,83
3749,2265
3750,197
3751,152
3752,2300
3753,2335
3754,71
3755,96
3756,78
3757,109
3760,89
3761,297
3762,1127
3763,549
3764,483
3766,601
3767,73
3768,67
3769,120
3770,103
3771,57
3772,30
3773,33
3774,53
3775,26
3776,90
3777,105
3778,33
3779,38
3780,35
3781,28
3782,126
3783,32
3784,36
3785,41
3786,87
3787,82
3788,134
3789,286
3790,76
3791,522
3792,1699
3793,111
3794,76
3795,90
3796,758
3797,228
3799,428
3800,3420
3801,524
3802,70
3803,1375
3804,1059
3805,367
3806,-2
3807,4082
3808,432
3810,47
3811,82
3812,5057
3813,-4
3814,119
3815,228
3816,1103
3817,77
3818,455
3819,186
3820,597
3821,104
3822,79
3823,121
3824,99
3825,128
3826,96
3827,109
3828,92
3829,321
3830,304
3831,306
3832,141
3833,83
3834,45
3835,26
3836,132
3837,-2
3838,28
3839,148
3840,119
3841,21
3842,23
3843,13466
3844,54
3845,66
3846,135
3847,-2
3848,43
3849,94
3850,49
3851,35
3852,69
3853,46
3854,142
3855,-2
3856,19
3857,-2
3858,-2
3859,109
3860,57
3861,540
3862,281
3863,16
3864,91
3865,415
3866,-2
3867,39
3868,36
3869,-2
3870,-2
3871,35
3872,29
3873,90
3874,146
3875,237
3876,264
3877,375
3878,427
3882,118
3883,118
3884,62
3885,732
3886,1464
3887,112
3888,724
3889,7218
3890,5153
3891,2885
3892,916
3893,8768
3894,15791
3895,93
3896,152
3897,91
3898,904
3899,864
3900,954
3901,34
3903,2342
3904,632
3905,432
3906,360
3907,130
3908,474
3909,474
3910,430
3911,474
3912,-1
3916,84
3917,94
3918,98
3919,124
3920,87
3921,151
3922,1896
3923,11
3925,990
3926,632
3927,2151
3928,2112
3929,113
3930,590
3931,96
3932,10
3933,540
3934,367
3935,289
3937,1603
3938,35
3939,121
3940,125
3941,24
3942,136
3943,136
3944,26
3945,81
3946,87
3947,37
3948,73
3949,1279
3950,581
3951,608
3954,-2
3955,7501
3956,304
3957,268
3958,37
3960,379
3961,78
3962,79
3964,446
3965,192
3966,290
3967,372
3969,593
3970,371
3971,575
3972,151
3973,90
3974,133
3976,30
3977,215
3978,288
3979,306
3980,474
3981,47
3982,108
3983,138
3984,145
3985,92
3986,280
3987,209
3988,758
3989,62
3990,413
3991,686
3992,588
3993,411
3994,469
3996,2265
3997,78
3998,1254
3999,144
4008,1449
4009,388
4010,366
4011,131
4012,145
4013,100
4014,97
4015,134
4016,112
4018,2300
4019,2336
4020,192
4021,478
4022,62
4023,530
4024,711
4026,255
4027,932
4028,131
4029,341
4030,454
4031,437
4032,429
4033,93
4034,58
4035,133
4036,134
4037,1993
4038,119
4039,36
4040,114
4041,-2
4042,-2
4043,437
4044,437
4045,7972
4046,410
4047,1159
4048,126
4049,1518
4052,297
4053,4764
4054,461
4055,434
4056,580
4058,3394
4059,255
4062,486
4063,415
4066,324
4067,1127
4068,78
4069,129
4070,129
4071,126
4072,445
4073,361
4074,369
4075,3354
4076,7758
4077,96
4078,6243
4079,1845
4081,1895
4082,42
4083,46
4085,77
4086,32
4087,43
4088,32
4089,485
4090,-1
4091,119
4092,131
4094,121
4095,77
4096,128
4097,137
4098,1756
4099,193
4100,1051
4101,137
4102,443
4103,7972
4107,560
4108,41
4109,1108
4110,3920
4112,125
4113,100
4114,1051
4115,708
4116,419
4117,13000
4118,82
4119,107
4120,596
4121,381
4122,105
4123,94
4124,1448
4125,144
4126,2483
4129,81
4130,81
4131,82
4132,85
4133,5440
4135,200
4136,325
4137,497
4138,2469
4139,8
4140,9
4141,121
4142,74
4143,48
4144,66
4145,568
4146,3846
4147,-1
4148,-1
4150,451
4151,453
4152,257
4153,282
4154,104
4155,122
4156,108
4157,5323
4158,154
4159,136
4160,119
4161,112
4162,104
4163,142
4164,113
4165,7368
4166,33
4167,540
4168,476
4170,143
4171,1726
4172,92
4173,94
4175,-1
4176,3633
4177,211
4178,26
4179,64
4180,1648
4182,5206
4184,5963
4185,266
4186,1445
4188,1448
4189,1448
4190,1448
4191,1448
4192,1448
4193,1448
4194,1448
4195,1448
4196,1448
4197,1448
4198,1448
4199,1448
4200,1448
4201,1448
4202,1448
4203,70
4204,269
4205,353
4206,792
4207,3722
4208,176
4209,168
4210,492
4211,161
4212,278
4213,1104
4214,1234
4215,28
4216,892
4217,366
4218,425
4219,1251
4220,32
4221,24
4222,1947
4223,144
4224,128
4225,111
4226,72
4227,143
4228,121
4229,127
4230,138
4231,16
4232,331
4233,324
4234,307
4235,311
4236,348
4237,337
4238,82
4239,77
4240,27
4242,1924
4243,138
4244,-1
4245,1197
4246,-1
4247,249
4248,4232
4249,32
4250,32
4251,32
4252,64
4253,30
4254,3006
4255,400
4256,200
4257,62
4258,-1
4259,274
4260,275
4262,322
4263,2304
4264,2332
4265,216
4266,406
4267,1253
4269,2264
4270,4553
4272,367
4273,144
4274,213
4275,1447
4277,326
4278,0
4279,48
4280,31
4281,44
4282,532
4283,3285
4284,360
4285,89
4286,1126
4287,182
4288,52
4289,542
4290,6502
4291,483
4292,324
4293,418
4294,2103
4296,1305
4297,199
4298,1335
4299,1670
4300,508
4301,1207
4302,453
4303,32
4304,32
4305,32
4306,32
4307,1758
4308,247
4309,0
4310,-1
4311,557
4312,-1
4313,104
4314,474
4315,117
4316,113
4317,138
4318,137
4319,114
4320,49
4321,137
4322,117
4323,72
4324,110
4325,113
4326,125
4327,118
4328,118
4329,91
4330,137
4331,132
4332,59
4333,28
4334,987
4335,901
4336,-2
4337,133
4338,87
4339,1064
4340,173
4341,674
4342,29
4343,159
4344,147
4345,297
4346,410
4347,286
4348,252
4349,1392
4350,474
4351,62
4352,77
4353,46
4354,3136
4355,634
4356,122
4357,146
4358,137
4359,2863
4360,382
4361,11
4362,3811
4363,273
4364,43
4365,79
4366,79
4367,1637
4368,111
4369,470
4370,13052
4371,104
4372,563
4373,2714
4374,-1
4375,36
4376,-1
4377,-1
4378,-1
4379,44
4380,-1
4381,1007
4382,246
4383,1686
4384,410
4385,590
4386,612
4387,447
4388,588
4389,582
4390,572
4391,572
4392,575
4393,563
4394,397
4395,418
4396,92
4397,132
4398,112
4399,88
4400,134
4401,141
4402,9621
4403,429
4404,37
4405,513
4406,523
4409,114
4411,618
4412,83
4413,369
4414,-1
4417,335
4418,329
4419,911
4420,2462
4421,233
4422,864
4423,1462
4424,133
4425,733
4428,123
4429,4172
4430,37
4431,62
4432,761
4433,305
4434,356
4435,169
4436,171
4437,2035
4439,228
4440,3691
4441,-1
4442,32
4443,89
4444,-1
4445,-1
4446,-1
4447,-1
4448,-1
4449,-1
4452,41
4453,0
4455,290
4456,381
4457,631
4458,235
4459,1448
4460,89
4461,78
4462,2264
4463,1126
4464,1253
4465,152
4466,382
4468,324
4469,174
4470,4161
4471,444
4472,2678
4474,99
4475,80
4476,83
4477,94
4478,136
4479,85
4480,79
4481,143
4482,89
4483,79
4484,64
4485,1368
4486,120
4487,94
4488,65
4489,121
4490,134
4491,75
4492,109
4493,137
4494,97
4495,115
4496,53
4497,91
4498,61
4499,71
4503,99
4504,86
4505,158
4506,128
4507,78
4508,62
4509,62
4510,155
4511,59
4512,166
4513,142
4514,116
4515,113
4516,87
4517,15149
4518,102
4519,59
4520,96
4521,128
4522,116
4523,43
4524,117
4525,111
4526,604
4527,604
4528,604
4529,45
4530,523
4532,2352
4533,7189
4534,4265
4535,80
4536,2394
4537,2296
4538,37863
4539,509
4541,69
4542,41
4543,213
4544,85
4548,69
4549,1692
4550,1836
4551,4515
4552,120
4553,94
4555,451
4556,89
4557,1733
4558,329
4559,694
4560,89
4561,89
4562,89
4563,789
4564,676
4565,65
4566,9304
4567,404
4568,461
4569,1209
4570,848
4571,342
4572,6748
4573,53
4574,53
4575,132
4576,290
4577,958
4579,703
4580,3405
4581,2126
4582,1930
4583,582
4584,236
4585,134
4587,22790
4588,1091
4589,1098
4590,1172
4591,1107
4592,1100
4593,1129
4595,46
4596,2905
4597,45
4598,77
4599,3627
4600,216
4601,159
4602,169
4604,2909
4605,159
4606,2169
4607,1065
4608,-1
4609,1531
4610,124
4611,136
4612,135
4613,125
4614,134
4615,107
4616,140
4617,81
4618,111
4619,84
4620,140
4621,87
4622,141
4623,95
4624,138
4625,127
4626,62
4627,38
4628,942
4629,38
4630,14907
4631,661
4632,38
4633,17647
4634,51
4635,123
4636,44
4637,493
4638,1502
4639,395
4640,2457
4641,630
4642,201
4643,45
4644,144
4645,144
4646,131
4647,140
4648,162
4649,113
4650,1194
4651,1027
4652,2444
4653,39
4654,73
4655,68
4656,106
4657,117
4658,108
4659,186
4660,139
4661,99
4662,42
4663,84
4664,175
4665,109
4666,121
4667,2033
4668,577
4669,464
4671,45
4676,1368
4677,180
4679,1237
4682,657
4685,253
4686,514
4688,211
4689,367
4690,4564
4691,301
4692,1368
4693,1338
4694,322
4696,16345
4698,1393
4699,1758
4700,1338
4701,26060
4702,346
4703,912
4704,53
4705,212
4706,416
4707,574
4708,396
4709,1503
4712,7413
4714,1253
4715,89
4716,78
4717,382
4719,2264
4720,324
4721,1448
4723,152
4724,237
4725,251
4800,-12
5001,-2
5003,351
5004,259
5005,-2
5006,93
5007,5
5009,23
5010,84
5011,-2
5012,72
5013,-2
5014,-2
5016,112
5017,-2
5018,-2
5019,336
5020,453
5021,178
5022,72
5023,327
5025,-2
5026,5
5027,303
5028,363
5029,17
5030,82
5031,93
5032,12
5034,5
5201,-2
5202,-2
5203,-8
5205,167
5206,21
5207,80
5208,22
5209,-2
5210,-2
5211,27
5212,-2
5213,421
5214,-2
5215,17
5301,-2
5302,45
5303,-2
5306,31
5307,-4
5401,114
5402,15
5403,5
5404,225
5405,-2
5406,-2
5407,84
5408,19
5409,276
5501,-2
5502,22
5503,9
5504,-2
5505,78
5506,-2
5507,-2
5508,12
5509,13
5511,210
5512,5931
5513,134
5514,158
5515,-2
5516,-2
5517,-2
5518,58
5519,-2
5520,150
5601,-2
5602,-2
5652,-18
5701,-2
5702,-2
5703,40
5705,-2
5801,-6
5802,-4
5803,179
5804,-2
5805,-2
5806,87
5807,265
5808,691
5809,157
5901,-20
5902,-4
5903,120
5904,114
5905,-2
5907,50
5908,52
5909,-1
5910,-8
6002,-2
6003,12320
6004,-2
6005,80
6006,79
6007,1150
6008,1172
6009,219
6011,8314
6012,75182
6013,-5
6014,28
6015,59
6016,54
6017,-2
6018,55
6019,66
6020,91
6021,21
6022,17
6023,17
6024,17
6025,29
6026,72
6027,36
6028,225
6029,129
6030,-22
6031,4
6032,60
6033,-2
6034,37
6035,35
6036,187
6037,1389
6038,70
6039,957
6040,1012
6041,4355
6042,-12
6043,19
6044,780
6045,406
6046,68
6047,-2
6048,-2
6049,-10
6050,-2
6051,-2
6052,-2
6053,-2
6054,3414
6055,-2
6056,-2
6057,169
6058,57
6059,82
6060,117
6062,194
6063,118
6064,19
6065,-5
6066,-2
6067,2277
6068,1338
6069,944
6071,75
6072,-2
6073,92
6074,-2
6075,132
6076,128
6077,109
6078,121
6079,128
6080,131
6081,70
6082,-2
6083,-2
6084,-2
6085,-2
6086,124
6087,87
6088,105
6089,-2
6090,-2
6091,156
6092,40
6093,-2
6094,86
6095,140
6096,101
6097,53
6098,89
6099,80
6100,80
6103,331
6104,191
6105,246
6106,230
6107,38
6108,89
6109,91
6110,-2
6111,3
6112,179
6114,1057
6116,10258
6117,2997966
6118,286
6119,34
6120,34
6121,34
6122,269
6123,19
6124,-2
6125,141
6126,1254
6127,613
6128,1284
6129,12980
6130,12980
6131,12980
6132,266
6133,2374
6134,1020
6135,305
6136,149
6137,-2
6138,-2
6139,-2
6140,10037
6141,-6
6142,-2
6143,9786
6144,111
6145,1491
6146,2649
6147,148
6148,-1
6149,-2
6150,-2
6151,104
6152,64
6153,5162
6155,617
6156,-2
6157,-22
6158,317
6159,-2
6161,-2
6162,664
6164,-2
6165,-2
6167,-4
6168,489
6169,195
6170,4955
6171,622
6172,38
6173,-2
6174,-2
6175,-2
6176,30
6177,26
6178,-2
6179,-2
6180,24
6181,-2
6182,45
6183,23
6184,31
6185,34
6186,-2
6187,-8
6188,29150
6190,61
6191,61
6194,121
6195,754
6196,541
6197,-2
6198,-2
6199,150
6200,43
6201,-2
6202,-2
6203,-2
6204,-2
6205,-2
6206,-2
6207,51
6208,75
6209,640
6210,6
6211,-1
6212,10095
6213,-1
6214,748
6215,378
6216,3119
6218,-2
6219,-53
6220,32
6221,71
6222,-2
6223,610
6224,-2
6225,23
6226,-2
6227,112
6228,40
6229,944
6230,2405
6231,237
6232,5305
6235,43
6236,-1
6237,179
6238,590
6239,991
6240,2032
6241,1926
6242,-10
6243,59
6244,-1
6247,-2
6250,1606
6251,45
6252,149
6253,-2
6254,-1
6255,125
6256,-4
6257,196
6258,1840
6259,79
6260,-2
6262,2600
6264,1474
6265,138
6266,124
6267,72
6268,127
6269,186
6270,538
6271,-5098
6272,-6
6273,448
6274,533
6275,1349
6276,38
6277,3993
6280,-2
6281,-2
6282,25
6283,89
6284,31
6285,65
6286,83
6287,-2
6288,-2
6289,-2
6290,-2
6291,29
6292,-2
6293,-2
6294,-2
6295,-2
6296,-2
6297,-2
6298,-2
6299,187
6300,339594
6301,78
6302,83
6303,84
6304,24
6305,4
6306,22
6307,164
6308,-100
6309,322
6311,30
6312,929
6313,-8
6315,141
6316,187
6317,1120
6318,-11
6319,198
6320,198
6321,30
6322,100
6323,90
6324,114
6325,-2
6326,81
6327,64
6328,-2
6329,-2
6330,-2
6331,91
6332,-24
6334,24
6335,-2
6336,37
6337,-8
6338,180
6340,2159
6342,-4
6343,-10
6344,-2
6345,-2
6346,-2
6347,-2
6348,-2
6349,-2
6350,124
6351,-8
6352,-8
6353,317
6354,182
6355,134
6356,261
6357,-4
6358,9825
6359,37
6360,637
6363,-4
6364,-4
6365,-2
6366,347
6367,2404
6369,-1
6370,177
6371,40
6372,-23
6373,116
6374,184
6375,-2
6376,113
6377,294
6378,425
6379,286
6380,587
6382,151
6383,-2
6384,-2
6385,-2
6386,-2
6387,-2
6388,-2
6389,1808
6395,509
6398,3308
6399,194
6400,-6
6401,-12
6402,199
6403,93
6404,127
6405,3882
6407,-2
6408,23
6409,-2
6410,508
6411,505
6412,568
6414,536
6415,242
6416,257
6417,257
6418,312
6419,305
6420,305
6421,390
6422,541
6423,-2
6424,-2
6425,-2
6426,-2
6427,-6
6429,-40
6430,-2
6431,-2
6432,-2
6433,-2
6434,93
6435,-2
6436,208
6437,1653
6439,6270
6440,2430
6441,-2
6442,-2
6443,-2
6447,-2
6448,8310
6449,20
6450,489
6451,485
6452,667
6453,414
6454,222
6455,61
6456,20
6457,5874
6458,-4
6459,-2
6460,-1
6461,-1
6462,-22
6463,-22
6464,-16
6466,85
6467,304
6472,-2
6473,5
6474,58
6475,38
6476,-2
6477,38
6478,38
6479,-2
6480,1573
6481,1986
6482,520
6483,408
6484,678
6485,186
6486,135
6487,527
6488,323
6489,122
6490,422
6491,1040
6494,1208
6497,-2
6498,-2
6499,4
6500,819
6501,362
6502,66
6503,662
6504,-2
6505,472
6506,411
6507,2205
6508,13
6509,70
6510,-2
6511,396
6512,37
6513,37
6514,37
6515,-2
6516,-4
6517,2396
6518,542
6519,-4
6521,5
6522,1594
6526,511
6527,114
6528,-2
6529,-2
6530,-2
6531,-2
6532,-2
6533,-2
6534,-10
6535,367
6536,-6
6538,55
6539,-2
6540,478
6541,443
6542,1472
6543,1205
6544,146
6545,374
6546,198
6548,-2
6549,-2
6550,-2
6551,-2
6552,-2
6553,125
6554,-2
6555,-2
6556,-2
6557,585
6558,33
6559,301
6560,64
6561,352
6562,238
6563,124
6564,1278
6565,13
6566,656
6567,16
6570,638
6571,872
6572,76
6573,602
6574,367
6576,33
6577,405
6578,199
6579,79
6580,2252
6581,91
6582,13
6583,136
6584,-16
6585,-4
6586,209
6587,446
6588,58
6589,100
6590,312
6591,633
6592,286
6593,597
6594,737
6595,128
6596,75
6597,125
6598,135
6599,110
6600,61
6601,66
6602,70
6603,141
6604,71
6605,71
6606,68
6607,14
6608,213
6609,-2
6610,-2
6611,-2
6612,200
6613,144
6614,-2
6615,-2
6616,-2
6617,87
6618,118
6619,-2
6620,-2
6621,23
6622,113
6623,-2
6624,-2
6625,104
6626,456
6627,202
6628,55
6629,-6
6630,-6
6631,-6
6632,496
6634,13
6635,2048
6636,1124
6637,-26
6639,172
6641,328
6643,-4
6644,568
6646,59
6647,1634
6648,1278
6649,288
6650,-2
6651,-2
6652,-2
6653,-2
6654,-2
6655,-2
6656,115
6657,-2
6658,59
6659,1506
6660,1029
6661,219
6662,168
6663,-2
6664,-6
6665,2258
6666,145
6667,854
6668,2798
6669,390
6674,49
6675,30
6676,36
6677,-2
6678,18
6679,45
6680,21
6681,-2
6682,36
6683,63
6684,35
6685,28
6686,22
6687,-2
6688,288
6690,19
6691,37
6692,-1
6693,3178
6695,14
6698,-2
6699,-7
6700,-2
6701,-2
6702,-2
6703,134
6704,-2
6705,934
6706,7160
6707,6281
6708,700
6710,1943
6711,583
6712,1464
6713,30
6714,-226
6715,13
6716,2449
6717,1182
6718,802
6719,245
6720,258
6721,629
6722,174
6723,1055
6724,-10
6725,-2
6726,236
6729,8159
6731,1067
6732,68
6733,344
6735,-14
6736,-2
6737,2902
6738,-2
6739,321
6740,490
6741,488
6742,508
6743,1922
6744,271
6748,621
6749,435
6752,237
6754,-2
6756,357
6757,340
6758,350
6759,501
6760,355
6761,357
6762,376
6763,317
6764,311
6765,409
6766,541
6767,448
6768,473
6769,468
6770,387
6771,328
6772,316
6773,329
6774,273
6775,273
6776,247
6777,254
6778,244
6779,246
6782,154
6783,286
6784,79
6785,434
6787,239
6788,235
6789,106
6790,114
6791,207
6792,5130
6793,52
6794,235
6795,75
6796,141
6798,-2
6799,194
6800,10
6803,17
6804,20
6805,279
6806,193
6808,171
6809,156
6816,146
6817,35
6818,36
6819,-2
6820,77
6821,62
6822,-2
6823,297
6824,-4
6825,-2
6826,57
6827,27
6828,59
6829,21
6830,66
6831,-2
6832,34
6833,20
6834,374
6835,145
6836,1497
6837,17883
6838,553
6839,501
6840,372
6841,434
6842,420
6843,603
6844,771
6845,475
6846,382
6847,-2
6848,405
6849,2227
6850,390
6852,1381
6855,71
6856,77
6858,2257
6859,156
6861,-10
6862,267
6863,315
6864,389
6865,857
6866,676
6867,1232
6868,1311
6869,6
6871,-2
6872,-2
6873,-2
6874,-2
6875,-2
6877,1296
6878,2996
6879,-2
6880,468
6881,297
6882,13
6883,58
6884,41
6885,34
6886,23
6887,1361
6888,814
6889,2761
6890,550
6891,276
6892,4668
6893,597
6894,186
6895,39
6896,2188
6898,56
6899,1022
6901,209
6902,44
6903,672
6904,31
6905,85
6906,17284
6907,-1
6908,300
6909,292
6910,69
6911,69
6912,150
6915,-4
6916,80
6917,144
6918,34
6919,292
6920,292
6921,34
6922,550
6923,385
6925,174
6926,1308
6927,459
6928,455
6929,419
6931,57
6932,455
6933,74
6934,73
6936,441
6938,146
6939,664
6940,321
6942,428
6943,50
6944,79
6945,1067
6946,165
6947,150
6948,64
6949,2397
6950,1251
6951,-2
6952,111
6953,266
6954,11880
6955,243
6956,37
6957,49
6959,-2
6960,5999
6961,7218
6962,92
6964,127
6966,123
6967,156
6968,152
6969,137
6973,83
6974,111
6977,247
6978,206
6979,-2
6980,134
6981,91
6982,85
6983,56
6984,-2
6985,1404
6986,1901
6987,1927
6996,99
6997,17
6998,287
6999,175
7001,-6
7002,367
7003,371
7004,-2
7006,-22
7009,530
7010,1144
7011,-2
7012,-2
7013,-2
7014,-8
7015,367
7016,-2
7017,-4
7019,-2
7021,110
7023,1282
7033,-2
7034,575
7036,-4
7037,111
7038,-2
7039,-2
7040,-2
7041,-2
7042,-2
7043,-2
7044,-2
7045,-2
7047,-2
7048,128
7049,-6
7050,-2
7051,-2
7052,-2
7053,-2
7054,-8
7055,-2
7056,-2
7057,-2
7058,-2
7059,-2
7060,-2
7061,-2
7062,-2
7063,-2
7064,-2
7065,-2
7066,-2
7067,-2
7068,-2
7069,75
7070,-2
7071,-2
7072,-2
7073,-2
7074,-2
7075,-2
7076,24
7077,-2
7078,393
7079,-2
7080,-2
7081,-2
7082,134
7083,-2
7084,-2
7090,-2
7091,-2
7092,-2
7094,-2
7095,202
7098,733
7107,367
7110,732
7200,82
7201,211
7202,391
7203,213
7204,-16
7205,196
7209,279
7210,129
7211,91
7212,-2
7213,295
7214,354
7215,317
7216,339
7217,109
7218,68
7219,49
7220,30
7221,27
7222,63
7223,479
7225,350
7226,500
7228,53
7229,442
7230,159
7231,127
7232,426
7233,354
7234,308
7235,537
7237,467
7239,-2
7240,21
7241,415
7242,57
7244,-1
7246,-1
7247,62
7248,425
7250,1467
7251,150
7252,1008
7253,27
7254,636
7255,1614
7256,416
7257,-2
7259,299
7260,165
7261,878
7262,133
7272,-2
7273,78
7274,-2
7275,411
7276,-2
7277,197
7278,214
7279,429
7280,511
7281,616
7282,410
7283,121
7285,411
7286,743
7287,803
7288,-2
7289,35
7290,413
7291,135
7292,2098
7293,2098
7294,898
7295,80
7297,233
7298,427
7301,-8
7303,-2
7304,-2
7305,-2
7306,-2
7307,-2
7308,-2
7309,123
7310,433
7311,795
7312,426
7313,-2
7314,-2
7315,222
7316,-2
7317,257
7318,218
7319,580
7320,295
7323,494
7324,309
7325,406
7326,453
7327,-2
7328,-2
7329,349
7330,129
7339,39
7340,288
7341,240
7342,-2
7343,-2
7344,-2
7345,288
7346,-2
7347,-2
7348,-2
7350,-2
7351,-2
7352,-2
7353,1264
7354,-2
7355,567
7360,-2
7361,-2
7362,-2
7363,330
7364,-2
7365,534
7366,212
7367,237
7368,1381
7369,176
7370,113378
7371,-2
7372,394
7374,731
7377,48
7379,481
7380,1025
7381,954
7382,60
7384,421
7385,26
7388,101
7389,-2
7390,71
7391,1673
7393,-2
7395,511
7397,-2
7398,240
7399,600
7401,-2
7402,340
7403,518
7404,570
7405,507
7406,318
7407,421
7408,725
7409,1869
7410,-6
7412,169
7413,47
7416,109
7417,164
7418,244
7419,236
7420,390
7421,17
7422,15
7423,47
7424,13
7425,220
7426,31
7427,1869
7428,119
7429,-2
7431,201
7432,661
7433,1150
7434,6
7436,-6
7437,12
7438,-2
7439,31471
7440,422
7441,414
7442,629
7443,495
7444,632
7445,560
7446,-2
7447,-2
7448,805
7449,822
7450,503
7451,377
7452,135
7453,613
7454,35
7455,18
7456,-2
7473,338
7475,517
7476,1036
7477,982
7478,558
7479,576
7480,590
7481,533
7482,569
7485,220
7487,1980
7489,16
7491,186
7492,153
7493,40
7495,2129
7496,569
7497,3733
7500,18
7501,314
7502,-2
7503,-2
7504,43
7507,102
7508,-2
7509,220
7510,1824
7511,189
7512,382
7515,71
7516,80
7517,63
7518,80
7519,79
7520,224
7521,69
7522,71
7523,461
7524,384
7525,478
7528,7
7529,27765
7531,92
7532,-2
7533,-2
7534,433
7535,-1
7536,47
7537,1596
7538,-2
7539,-2
7540,-2
7541,-2
7542,375
7543,322
7544,400
7545,409
7547,1240
7550,59
7551,42
7552,2100
7553,29
7555,52
7556,-2
7558,152
7559,-1
7560,-1
7561,156
7562,-1
7563,-1
7564,-1
7565,-1
7566,-1
7568,120
7570,196
7571,265
7573,257
7574,-2
7575,256
7576,18
7577,17
7578,13
7580,7986
7581,12
7582,20
7583,146
7584,-2
7585,48
7586,47
7587,62
7589,195
7590,637
7591,3018
7593,3211
7594,116
7595,208
7604,143
7607,3101
7608,-2
7610,9093
7611,-2
7612,123
7613,-2
7615,271
7616,269
7617,70
7618,999
7623,16
7624,163
7625,-2
7626,821
7628,68
7629,-5
7630,-2
7631,31
7632,1101
7634,-9
7635,12169
7636,1121
7637,245
7638,191
7639,225
7640,117
7641,82
7643,678
7644,5428
7645,1555
7646,-2
7647,708
7648,-2
7649,-2
7650,-2
7651,-2
7652,75
7653,46
7655,1331
7656,81
7657,869
7658,19865
7659,-2
7660,658
7661,3178
7662,64
7663,-12
7667,-2
7668,-2
7669,-2
7670,-2
7671,-2
7672,498
7673,96
7674,52
7675,1788
7676,12419
7678,-76
7679,-2
7680,-2
7682,-10
7683,1616
7684,1535
7685,1150
7686,956
7687,2079
7689,887
7690,-2
7691,-230
7694,245
7696,2309
7697,309
7698,-28
7699,-2
7700,-1
7701,9
7702,411
7703,748
7704,553
7706,136
7707,152
7708,38
7709,930
7710,696
7711,200
7712,1004
7713,57
7714,192
7715,162
7716,-2
7725,-2
7726,-2
7727,136
7728,418
7729,91
7730,932
7731,-6
7732,-7
7733,495
7734,-2
7735,-1
7736,2047
7737,300
7738,-2
7739,1060
7740,441
7741,152
7743,-2
7744,785
7748,383
7749,-4
7750,14
7751,579
7752,179
7753,-26
7754,18
7755,-2
7756,5264
7757,23
7758,241
7759,-2
7760,7224
7761,447
7762,683
7763,1433
7764,1336
7767,-2
7768,2132
7769,67
7771,13
7772,-2
7773,919
7775,-6
7776,134
7777,1371
7778,158
7779,30
7780,-2
7781,-2
7782,44651
7783,-2
7784,-1
7785,-2
7786,259
7787,-2
7789,-18
7790,1544
7791,172
7793,-2
7796,112
7797,378
7798,-2
7799,-2
7800,-8
7801,143
7803,104
7804,518
7805,-2
7806,-2
7807,87
7808,114
7810,-2
7811,1245
7812,1975
7814,32
7815,148
7816,-2
7817,131
7818,159
7819,380
7820,47
7821,-2
7822,145
7824,-2
7825,-2
7832,-2
7835,78
7836,-1
7837,-1
7838,958
7839,1383
7840,-2
7841,-2
7842,-2
7843,6
7844,7
7845,271
7846,238
7847,-2
7849,738
7850,-1
7851,572
7852,493
7853,87
7854,-102
7855,537
7856,993
7858,314
7859,1566
7860,255
7861,-30
7863,-1
7864,2718
7865,17031
7866,-2
7868,306
7869,3696
7870,129
7871,-2
7872,10
7874,-4
7875,-2
7876,-2
7877,48
7879,659
7880,4350
7881,4513
7882,3459
7883,802
7884,3453
7885,5436
7886,290
7887,3398
7888,3690
7889,455
7892,51
7893,-2
7894,32
7895,-2
7896,4224
7898,1174
7899,289
7900,2036
7901,737
7902,468
7905,1108
7906,377
7907,644
7908,515
7909,-2
7910,234
7911,-2
7912,796
7913,-2
7914,-2
7915,-2
7916,422
7917,422
7918,110
7919,422
7920,48
7921,24
7922,-2
7923,-2
7924,-2
7925,155
7927,1892
7928,1935
7929,1976
7930,2026
7931,1224
7932,-2
7933,-2
7934,-2
7935,-2
7936,-2
7937,-2
7938,-2
7939,-2
7940,1138
7941,-114
7945,25
7946,504
7947,129
7948,854
7949,266
7950,38
7951,723
7952,411
7953,281
7954,250
7955,44
7957,90
7958,81
7959,72
7964,400
7965,569
7966,-54
7967,-2
7968,1848
7969,25
7970,-2
7971,280
7972,494
7973,716
7974,-2
7975,-104
7976,-42
7977,-2
7978,-36
7979,-2
7980,-38
7981,-2
7982,-2
7983,-40
7984,-2
7985,-2
7986,1521
7987,-2
7989,-2
7990,-2
7991,466
7992,760
7993,-2
7994,1993
7995,-2
7996,-2
7998,13
7999,17
8000,4474
8001,-2
8002,-39
8003,-18
8004,322
8010,117
8011,92
8012,135
8013,18
8014,71
8015,26
8016,116
8017,112
8018,287
8019,122
8020,29
8021,134
8022,19
8023,54
8024,144
8025,121
8026,96
8036,-102
8037,-102
8038,1211
8039,2264
8040,352
8042,78
8043,-2
8044,887
8046,-2
8047,56
8048,59
8049,794
8050,-2
8051,9
8052,-2
8053,-1
8054,-2
8055,-2
8056,161
8057,156
8058,197
8059,-2
8060,-2
8061,-2
8062,-2
8063,-2
8064,-2
8065,414
8066,240
8067,-2
8068,-2
8069,-2
8070,29
8071,24479
8072,225895
8074,-2
8075,-2
8076,2682
8077,-2
8078,136
8079,1260
8080,144
8082,38
8084,-2
8085,5777
8086,219
8087,339
8088,37
8089,-2
8090,-2
8091,404
8092,4193
8093,-102
8094,312
8100,147
8101,-108
8102,163
8103,-2
8104,-2
8105,-2
8106,36
8107,-51
8108,6
8109,29
8112,-2
8113,68
8114,-72
8115,227
8116,-2
8117,-14
8118,-28
8119,-2
8120,47
8121,668
8122,11574
8126,-49
8127,26384
8129,-51
8130,643
8133,-2
8134,-2
8136,429
8137,-2
8138,-2
8139,-4
8140,-2
8141,-2
8142,-23
8143,-2
8144,-2
8145,-2
8146,-2
8147,-2
8148,-2
8149,-2
8150,-2
8151,3
8152,576
8153,-2
8154,-2
8155,-1
8156,-4
8157,29010
8158,358
8159,11
8161,86
8162,206
8163,6272
8164,1478
8166,-1
8167,987
8168,1067
8169,612
8170,-108
8171,409
8172,120
8173,124
8174,132
8175,90
8176,79
8177,117
8178,1183
8179,-2
8180,-10
8181,80
8182,-2
8183,-2
8185,-8
8186,-16
8187,2379
8188,18
8189,607
8190,493
8191,-2
8192,378
8193,-2
8194,-2
8196,361
8199,2543
8200,4
8201,462
8203,452
8205,369
8206,72
8207,71
8208,74
8209,104
8210,-2
8211,-2
8212,-2
8214,10220
8215,156
8217,12
8218,804
8219,-1
8220,-2
8222,-2
8223,1102
8224,421
8225,-1
8226,2178
8228,63
8229,-102
8231,-2
8232,-2
8233,964
8234,514
8235,-3
8236,-20
8237,-2
8238,189
8239,417
8240,-2
8242,-2
8243,576
8244,474
8245,-89
8246,150
8247,31
8248,78
8249,664
8250,1006
8251,-20
8252,-2
8253,14
8254,21
8255,541
8256,439
8257,3370
8258,2058
8259,22
8260,-2
8261,2515
8262,260
8263,880
8264,-30
8265,-2
8266,-2
8267,-1
8268,-2
8269,-1
8274,1040
8275,-2
8276,-6
8277,78
8278,-18
8279,-1
8281,551
8282,-98
8284,130
8285,6090
8286,-2
8287,-2
8288,-1
8289,-2
8290,256
8291,231
8292,-2
8293,-1
8295,408
8296,-2
8297,6281
8298,1859
8299,2224
8300,-1
8301,-12
8302,-18
8303,289
8307,600
8309,-2
8310,-24
8312,-2
8313,28
8314,829
8315,880
8316,725
8317,-33
8318,22945
8319,1918
8320,-2
8321,-2
8322,362
8323,-1
8324,-1
8325,-10
8327,281
8328,913
8329,-2
8330,-1
8331,-2
8332,-1
8333,-2
8334,2511
8335,-2
8336,666
8337,700
8338,822
8339,809
8340,480
8341,-2
8342,-2
8343,123
8344,227
8345,-1
8346,70
8347,-2
8348,331
8349,-2
8350,444
8353,360
8354,77
8355,65
8356,53
8357,597
8358,157
8359,-1
8360,331
8361,-2
8362,-12
8363,-6
8364,258
8365,223
8366,-6
8367,1733
8368,705
8369,118
8370,70
8371,-2
8372,-48
8373,55
8374,16
8375,519
8376,112
8377,59
8378,6424
8379,76
8380,20
8381,89
8382,79
8383,-2
8384,-2
8385,71
8386,75
8387,2147
8388,2200
8389,-2
8390,674
8391,600
8392,-8
8394,7
8395,7
8396,456
8397,-2
8398,-24
8399,2247
8400,-2
8401,1272
8402,4832
8403,-2
8404,17
8405,-51
8406,805
8407,228
8408,78
8409,400
8410,221
8411,174
8412,914
8413,1177
8415,4537
8416,54
8417,487
8418,-1
8419,-2
8420,1058
8421,164
8422,-6
8423,-84
8424,863
8425,110
8426,-1
8427,-6
8428,163
8429,5574
8430,5
8431,162
8432,-1
8433,-23
8434,207
8436,1792
8437,817
8438,-4
8439,699
8440,-2
8441,-25
8442,-25
8443,11188
8444,759
8445,20
8446,-2
8447,-2
8448,-2
8449,78
8450,1058
8451,21
8454,485
8455,78
8456,-2
8457,-2
8458,538
8459,420
8460,730
8461,-2
8462,-2
8463,-2
8464,-39
8465,-2
8466,365
8467,634
8468,-8
8469,-154
8470,-2
8471,-2
8472,-2
8473,-2
8474,-2
8475,953
8476,1652
8477,23
8479,-2
8480,-2
8481,41
8482,-2
8483,-4
8484,1941
8487,496
8488,880
8489,-2
8491,-2
8492,-2
8493,1693
8494,217
8495,516
8496,2034
8497,-6
8498,140
8499,243
8500,267
8501,259
8502,257
8503,308
8504,373
8505,429
8506,793
8507,-2
8508,636
8509,73
8510,-4
8511,172
8512,1451
8513,212
8514,159
8515,4
8516,119
8517,27
8530,294
8531,463
8532,36
8533,-2
8534,1198
8535,-32
8537,-2
8538,-2
8539,-2
8540,-2
8542,87
8543,50
8544,617
8545,230
8546,2200
8547,235
8548,-2
8549,365
8550,312
8551,603
8553,338
8554,-2
8555,-2
8556,19
8557,-2
8559,28
8560,117
8561,-2
8562,-2
8563,114
8564,27
8565,-2
8566,-2
8567,17
8568,-2
8569,27
8570,-2
8571,16
8572,19
8573,-2
8574,101
8575,21
8576,136
8577,9
8578,17
8579,-2
8580,97
8581,10
8582,100
8583,40
8584,78
8585,-2
8586,133
8587,-2
8588,107
8589,-2
8590,-2
8591,-2
8592,-2
8593,-2
8594,-2
8595,107
8596,46
8598,-9
8599,-25
8600,224
8601,92
8603,1134
8604,20
8605,1187
8606,514
8608,18280
8609,1830
8611,759
8612,4
8613,-2
8614,13
8616,751
8617,-2
8618,173
8619,179
8621,267
8622,5382
8623,-3
8624,902
8625,1269
8626,-2
8627,89
8628,-7
8629,598
8631,-84
8632,-2
8634,116
8635,91
8636,151
8637,-2
8638,-2
8640,17
8641,-2
8642,-2
8643,16
8644,20
8646,-2
8647,116
8648,2581
8649,541
8650,914
8651,612
8652,18
8653,282
8655,76
8656,-2
8657,312
8658,-4
8659,1325
8660,-2
8661,166
8662,-3
8663,-2
8664,147
8665,340
8666,-2
8667,176
8668,1188
8669,318
8670,-6
8671,3545
8672,765
8673,218
8674,17
8675,78
8676,396
8677,-2
8678,1081
8679,21
8680,353
8682,23
8683,402
8684,259
8685,-2
8686,-2
8687,337
8688,-2
8689,-6
8690,90
8691,286
8692,39
8693,1350
8694,3155
8695,-30
8696,-2
8697,-2
8698,899
8699,-2
8700,298
8701,2227
8702,498
8703,252
8704,870
8705,-2
8706,216
8707,-2
8708,28
8709,524
8710,1211
8711,1136
8712,2030
8713,2147
8714,36
8715,483
8716,99
8717,48
8718,-44
8719,1991
8720,77
8721,-2
8722,-2
8723,304
8724,439
8725,236
8726,262
8727,206
8728,77
8729,252
8730,74
8731,77
8732,234
8733,73
8734,89
8735,408
8736,121
8737,181
8738,427
8739,133
8740,143
8741,263
8742,146
8743,182
8744,344
8745,259
8746,305
8747,344
8748,272
8749,224
8750,305
8751,390
8752,311
8753,442
8754,239
8755,193
8756,246
8757,331
8758,205
8759,235
8760,199
8761,252
8762,293
8763,165
8764,264
8765,329
8766,245
8767,305
8768,261
8769,313
8770,308
8771,423
8772,180
8773,465
8774,452
8775,387
8776,250
8777,261
8778,295
8779,376
8780,373
8781,158
8782,378
8783,244
8784,343
8785,388
8786,395
8787,271
8788,514
8789,402
8790,347
8791,478
8792,239
8793,179
8794,248
8795,252
8796,291
8797,225
8798,219
8799,160
8800,237
8801,231
8802,152
8803,363
8804,210
8805,221
8806,224
8807,255
8808,312
8809,346
8810,346
8811,301
8812,268
8813,332
8814,159
8815,249
8816,250
8817,151
8818,312
8819,267
8820,193
8821,222
8822,222
8823,195
8824,190
8825,343
8826,128
8827,186
8828,196
8829,332
8830,228
8831,230
8832,130
8833,199
8834,196
8835,126
8836,193
8837,193
8838,187
8839,256
8840,197
8841,127
8842,202
8843,116
8844,113
8845,-2
8846,110
8847,116
8849,66
8850,-2
8851,-2
8852,21
8853,22
8854,36
8855,24
8856,19
8857,28
8858,26
8859,-2
8860,22
8861,39
8862,11
8863,-2
8864,15785
8867,-2
8868,-2
8869,1793
8870,-4
8871,350
8872,-2
8875,-2
8876,768
8879,-2
8880,-4
8882,-2
8883,340
8884,-2
8885,33
8886,43
8887,37
8888,39
8889,-2
8890,-2
8891,-2
8892,57
8893,-2
8894,-2
8895,33
8896,5744
8898,-2
8899,-2
8900,-8
8901,-2
8902,-2
8903,5844
8904,73
8905,-16
8907,3728
8908,6312
8910,1045
8911,78
8912,126
8913,-2
8914,1
8915,142
8916,-4
8917,715
8918,309
8919,-18
8920,95
8921,116
8922,-2
8923,-2
8924,23
8925,64
8926,25
8927,-2
8928,200
8929,19
8930,-2
8933,617
8934,102
8935,268
8936,214
8937,155
8938,448
8939,-8
8940,-2
8942,64
8943,-2
8944,68
8945,147
8946,-2
8948,950
8950,-2
8951,222
8952,20
8953,-2
8954,-2
8955,17
8956,17
8957,-2
8958,-2
8959,-2
8960,-2
8961,-2
8962,-2
8963,-2
8964,-2
8965,-2
8966,-2
8967,469
8969,-2
8972,3175
8973,1254
8974,-2
8975,1020
8976,1340
8977,-2
8978,-2
8979,1055
8980,-9
8981,-2
8985,332
8986,-4
8987,38
8988,-2
8989,405
8991,383
8992,277
8993,1371
8994,-32
8995,-8
8996,63
8997,63
8998,-2
8999,-2
9000,22
9001,74
9002,-2
9003,-2
9004,58
9005,27
9006,-2
9007,-2
9012,134
9013,2066
9014,-49
9015,-2
9016,-2
9017,-30
9018,-2
9019,815
9021,280
9022,95
9023,295
9025,286
9026,-103
9028,114696
9030,-2
9032,52
9033,201
9034,-26
9035,-2
9036,882
9037,-1
9038,105
9039,415
9040,104
9042,779
9043,385
9045,2140
9046,47
9047,98
9048,102
9049,83
9050,111
9051,-2
9053,560
9054,12492
9055,-10
9056,996
9057,88
9058,111
9059,-2
9060,-2
9061,141
9062,85
9063,-2
9064,121
9065,-2
9066,-2
9067,123
9068,-2
9069,-2
9070,-4
9071,126
9072,28
9073,72
9074,176
9075,-2
9076,-2
9079,2268
9080,-12
9081,11
9082,495
9083,455
9084,1150
9085,872
9086,2896
9087,429
9088,-1
9089,-2
9090,-2
9091,-2
9092,-22
9093,622
9094,177
9095,-2
9096,-2
9097,-2
9098,-2
9099,-2
9100,-2
9101,-2
9102,-2
9103,-2
9104,-2
9105,193
9106,-6
9107,-2
9108,-2
9109,-2
9110,-2
9111,-2
9112,692
9113,-6
9114,-10
9115,57
9116,-2
9117,-1
9118,-2
9119,183
9120,220
9121,215
9122,219
9123,518
9124,212
9125,232
9126,290
9127,302
9128,303
9129,290
9130,78
9131,-2
9132,-2
9133,-2
9134,1260
9135,479
9136,1153
9137,200
9138,50
9139,291
9140,367
9141,-2
9142,294
9143,113
9144,125
9145,94
9146,78
9147,129
9148,-2
9149,-2
9150,-2
9151,-2
9152,79
9153,178
9154,-2
9155,-2
9156,172
9157,73
9158,73
9159,-2
9160,81
9161,81
9162,81
9163,98
9164,-6
9165,350
9166,-1
9167,-2
9168,-4
9169,-2
9171,-2
9172,-2
9173,-2
9174,-2
9175,-2
9176,-21
9177,-2
9178,-22
9179,87
9180,61
9181,100
9182,32
9183,32
9184,33
9185,65
9186,100
9187,-2
9189,-2
9190,-2
9191,-2
9192,-2
9193,-2
9194,-2
9195,-10
9196,1396
9198,-23
9199,517
9200,-3
9201,31
9202,-2
9203,-2
9204,-2
9206,189
9207,-2
9208,-2
9209,-2
9210,36
9211,609
9212,118
9213,145
9214,-2
9215,-2
9216,-2
9217,-2
9218,85
9220,128
9221,139
9222,508
9223,600
9224,655
9225,3103
9226,47
9227,223
9228,177
9229,118
9230,67
9231,70
9233,-2
9234,-2
9235,64
9236,150
9237,45
9239,34
9240,127
9241,-2
9242,-2
9243,128
9244,32
9245,36
9246,59
9247,-2
9248,28
9249,124
9250,138
9251,349
9252,352
9253,333
9254,861
9255,-2
9256,575
9257,146
9258,126
9259,2272
9260,-2
9261,-2
9262,-2
9263,109
9264,681
9265,160
9266,6649
9268,-2
9269,18
9270,-2
9271,-2
9272,796
9273,-2
9274,167
9276,288
9277,1575
9278,4708
9280,345
9281,-2
9282,-2
9283,-2
9284,-2
9285,-2
9286,199
9287,78
9288,6220
9289,397
9290,189
9291,178
9292,741
9293,1993
9294,-2
9295,1934
9296,3202
9297,-2
9298,-2
9299,531
9300,-2
9301,473
9302,381
9303,597
9304,428
9305,320
9306,454
9307,1391
9308,96
9310,558
9311,-2
9312,1031
9313,34
9314,68
9315,-12
9316,-2
9317,3182
9318,-2
9319,994
9320,194
9321,733
9322,533
9323,1079
9324,26
9325,50
9326,-2
9327,260
9328,228
9329,242
9330,256
9331,-2
9332,42
9333,-21
9334,-22
9335,176
9336,1458
9337,37
9338,3
9339,551
9340,89
9341,-2
9342,-2
9343,-2
9344,-2
9345,-2
9346,-2
9347,101
9348,223
9349,-4
9350,-4
9351,16
9352,57
9353,-2
9354,114
9355,126
9356,-2
9357,427
9358,-2
9359,-2
9360,705
9361,67
9362,-2
9363,-2
9364,-2
9365,-14
9366,-1
9367,-2
9368,193
9369,205
9370,253
9371,198
9372,200
9373,188
9374,-2
9375,-2
9376,-2
9377,-2
9378,112
9379,490
9380,-22
9381,-23
9384,22
9385,22
9386,439
9387,-2
9388,-2
9389,1848
9390,-2
9391,-4
9392,142
9393,933
9394,310
9395,-2
9396,81
9397,2661
9398,340
9399,222
9400,113
9401,447
9402,-6
9403,-2
9404,1117
9405,325
9406,-4
9407,173
9408,-2
9409,76
9410,755
9411,-2
9412,-10
9413,678
9414,-4
9415,-2
9416,-2
9417,-2
9418,129
9419,919
9420,459
9421,817
9422,247
9424,-2
9425,180
9426,29
9427,-2
9428,-2
9429,16
9430,66
9433,33
9434,27
9435,-2
9436,125
9437,33
9438,93
9439,-2
9440,60
9441,-2
9442,-2
9444,-2
9445,996
9446,349
9448,145
9449,71
9450,-6
9451,40
9453,-4
9454,-2
9455,65
9456,-2
9457,-2
9458,40
9459,-2
9460,83
9461,133
9462,-2
9463,-2
9464,65
9465,692
9466,-8
9467,-4
9468,-2
9469,344
9470,176
9471,1980
9472,-2
9473,1721
9474,-1
9475,-1
9476,371
9477,8887
9478,21
9479,546
9480,77
9481,1941
9482,40
9483,-2
9484,16
9485,919
9486,102
9488,-2
9489,-2
9490,99
9491,-14
9492,-2
9493,-2
9494,45
9495,-2
9496,-2
9497,99
9498,124
9499,-2
9501,104
9502,-2
9503,-2
9504,-2
9506,-2
9507,37
9508,74
9509,-22
9510,-1
9511,30
9512,-4
9513,811
9514,797
9515,8
9516,4080
9517,44
9518,278
9519,-2
9520,212
9521,-2
9522,950
9523,78
9526,-2
9527,326
9528,40
9529,-2
9530,-2
9531,-2
9532,-2
9533,-2
9534,-2
9535,-2
9536,-2
9537,170
9538,-2
9539,-2
9540,-2
9541,-2
9542,-2
9543,-2
9544,-2
9545,-2
9546,-2
9547,-2
9548,803
9549,-2
9551,-2
9552,-2
9553,2841
9554,81
9555,36
9556,-2
9557,122
9558,68
9559,38
9560,-2
9561,64
9562,-2
9563,94
9564,418
9565,51
9567,-2
9568,224
9569,193
9570,-18
9571,417
9572,84
9573,176
9574,149
9575,22580
9576,542
9577,429
9578,507
9579,171
9580,1902
9581,395
9582,-2
9583,-10
9584,1270
9585,116
9586,217
9587,205
9588,90
9589,12
9590,931
9592,-2
9593,742
9594,47
9595,495
9596,90
9597,-2
9598,54
9599,73
9600,-3
9601,654
9605,-2
9606,2250
9607,141
9608,-2
9609,-2
9610,30
9611,115
9612,41
9613,-2
9614,-2
9615,-2
9616,-2
9617,-2
9618,-2
9619,36
9620,-2
9621,-2
9622,-2
9623,208
9624,215
9625,199
9626,298
9627,273
9628,303
9629,461
9630,324
9631,339
9632,339
9633,326
9634,326
9635,210
9636,206
9637,219
9638,227
9639,410
9640,273
9641,269
9642,377
9643,281
9644,254
9645,280
9646,210
9647,265
9648,265
9649,265
9650,283
9651,287
9652,238
9653,251
9654,266
9655,338
9656,289
9657,365
9658,342
9659,362
9660,263
9661,304
9662,250
9663,253
9664,744
9665,59
9666,-1
9667,92
9668,99
9669,-4
9670,1292
9671,-14
9672,612
9673,1124
9674,-2
9675,328
9676,-2
9677,-2
9678,-2
9680,-4
9682,1649
9684,19
9685,31
9686,1316
9687,5366
9688,29491
9689,-2
9690,-2
9691,-2
9692,-4
9693,928
9694,964
9695,392
9696,186
9697,290
9698,320
9699,-4
9700,-2
9701,-2
9702,-2
9703,-2
9704,173
9705,180
9706,141
9707,-2
9708,-2
9709,140
9711,-23
9712,849
9713,283
9714,674
9715,-2
9716,-2
9717,-2
9718,11
9719,-2
9720,102
9721,79
9722,-32
9723,187
9724,187
9725,-6
9726,938
9727,145
9728,17
9729,-1
9730,-2
9731,270
9732,35
9733,419
9734,-2
9735,84
9736,31
9737,165
9739,-1
9740,-23
9741,181
9742,331
9743,-1
9744,131
9745,2355
9746,-2
9747,3150
9748,266
9749,437
9750,1146
9751,2566
9752,745
9753,1146
9754,114
9755,106
9756,-2
9757,44
9758,110
9759,126
9760,87
9761,179
9762,166
9763,119
9764,-2
9765,-2
9766,148
9767,51
9768,529
9770,59587
9771,478
9772,-1
9773,81
9774,843
9775,84
9776,-2
9777,-3
9780,-4
9781,-2
9782,94239
9783,2358
9785,183
9786,229
9787,-1100
9788,18
9789,10
9790,301
9791,402
9792,512
9793,-2
9794,-2
9795,4538
9796,176
9797,223
9798,161
9799,103
9800,991
9801,-2
9802,409
9803,-2
9804,-2
9805,4575
9806,1800
9807,198
9808,356
9809,-2
9810,26
9811,180
9812,187
9813,-2
9814,53
9815,10076
9816,480
9817,1347
9818,16
9819,37
9820,1323
9821,422
9822,37071
9823,142
9824,1032
9825,-2
9826,37
9827,37
9828,108
9829,104
9830,-2
9831,-2
9833,1007
9834,70
9835,8
9836,813
9837,55
9838,-2
9839,-10
9840,-2
9841,1662
9842,1704
9843,1177
9844,26
9845,38
9846,1232
9847,113
9848,66154
9849,-6
9850,1416
9851,2171
9853,12540
9854,-8
9855,-32
9856,-4
9857,-2
9858,40
9859,4421
9860,-2
9861,-2
9862,-2
9863,-2
9864,-2
9865,52
9871,2374
9872,-6
9873,47
9874,2254
9875,132
9876,43684
9877,1182
9878,-2
9879,179
9880,99
9881,232
9882,60
9883,42
9884,-2
9885,36
9886,-2
9887,-2
9888,-2
9889,77
9890,108
9891,-2
9892,295
9893,-2
9894,-2
9895,-2
9896,-2
9897,-2
9898,194
9899,198
9900,-2
9901,123
9902,12218
9903,7
9904,120
9905,155
9906,-2
9907,139
9908,841
9909,-2
9910,100
9911,-2
9912,140
9913,150
9914,-2
9915,825
9916,3872
9917,476
9918,548
9919,694
9920,575
9921,35
9922,68
9923,727
9924,194
9925,230
9926,693
9927,-1
9928,-1
9929,302047
9930,29
9931,51
9932,26
9933,26
9934,105
9935,81
9936,-2
9937,-2
9938,-2
9939,-2
9940,48
9941,28
9942,62
9943,55
9944,-4
9945,234
9946,18
9947,-2
9948,1506
9949,4457
9950,310
9951,-54
9952,-105
9953,-2
9954,852
9955,20
9956,165
9957,462
9958,190
9959,-2
9960,-2
9961,1872
9962,1642
9963,334
9964,1112
9965,122
9966,819
9968,-2
9969,-12
9970,1274
9971,187
9972,405
9973,4058
9974,1566
9976,1592
9977,453
9978,1066
9979,546
9980,4177
9981,119
9982,2851
9983,492
9984,1345
9985,1033
9986,298
9988,3298
9989,1474
9990,537
9991,2366
9992,-2
9993,-2
9994,-2
9995,211
9996,206
9997,229
9998,314
13233,-286
13234,-234
13235,-380
13236,-222
13237,-478
13238,-378
13239,-294
13240,-206
13241,-220
13242,-400
13243,-336
13244,-332
13245,-282
13246,-350
13247,-322
13248,-266
13249,-336
13250,-292
13251,-312
13252,-184
13253,-2
13254,-318
13255,-352
13256,-2
13257,-240
13258,-344
13259,-214
13260,-256
13261,-342
13262,-220
13263,-322
13264,-2
13265,-366
13266,-336
13267,-152
13268,-350
13269,-356
13270,-402
13271,-338
13272,-238
13273,-294
13274,-178
13275,-312
13276,-428
13277,-312
13278,-152
13279,-340
13280,-430
13281,-182
13282,-314
13283,-184
13284,-224
13285,74096
13287,856
13288,-498
13341,-2
13342,-154
13343,-154
13344,-154
13345,-154
13346,-154
13347,-154
13348,-154
13349,-154
13350,-154
13351,-154
13352,-154
13353,-154
13354,-154
13355,-154
13356,-154
13357,-154
13358,-154
13359,-154
13360,-154
13361,-154
13362,-154
13363,-154
13364,-154
13365,-154
13366,-154
13367,-154
13368,-154
13369,-154
13370,-154
13371,-154
13372,-154
13373,-154
13374,-154
13375,-154
13376,-154
13377,-154
13378,-154
13379,-154
13380,-154
13381,-154
13382,-154
13383,-154
13384,-154
13385,-154
13386,-154
13387,-154
13388,-154
13389,-154
13390,-154
13391,-154
13392,-154
13393,-154
13395,81960
13396,-154
13399,-2
13400,-104
13402,559602
13403,-498
13405,468
13511,-52
13512,-328
13513,-328
13514,-464
13515,-312
13516,-618
13517,-448
13518,-380
13519,-244
13520,-254
13521,-480
13522,-440
13523,-344
13524,-302
13525,-458
13526,-378
13527,-318
13528,-378
13529,-306
13530,-352
13531,-238
13532,-420
13533,-418
13534,-472
13535,-406
13536,-258
13537,-414
13538,-270
13539,-300
13540,-388
13541,-246
13542,-444
13543,-322
13544,-490
13545,-436
13546,-204
13547,-448
13548,-420
13549,-462
13550,-450
13551,-268
13552,-336
13553,-218
13554,-360
13555,-518
13556,-358
13557,-216
13558,-458
13559,-508
13560,-234
13561,-396
13562,-220
13563,-206
13566,-104
13568,-52
13569,6
13570,-660
13572,308
13573,8778
13574,129
13576,28205
13578,198
13579,1455
13580,82
13581,1437
13582,845
13583,574
13584,245
13585,204
13586,383
13587,1197
13588,325
13589,260
13590,343
13591,2835
13592,6205
13593,108
13594,952
13595,96
13596,16
13597,204
13598,148
13599,62
13600,733
13601,1492
13602,1429
13603,58
13604,192
13605,75
13606,179
13607,340
13608,82
13609,910
13610,60
13611,503
13612,192
13613,57
13614,270
13615,107
13616,144
13617,1158
13618,255
13619,2262
13621,33
13622,460
13623,66
13624,72
13625,69
13626,95
13627,266
13628,384
13629,740
13630,894
13631,510
13632,125
13633,59
13634,77
13635,246
13636,96
13637,93
13638,7
13640,81
13641,78
13642,258
13643,120
13644,42
13645,72
13646,186
13647,291
13648,270
13649,285
13650,126
13651,116
13652,31
13653,486
13654,213
13655,33
13656,517
13657,114
13658,1344
13659,574
13660,78
13661,99
13662,9
13663,48
13664,152
13665,310
13666,141
13667,228
13668,45
13669,762
13670,1110
13671,444
13672,30
13673,90
13674,180
13675,336
13676,87
13677,154
13678,76
13679,455
13680,35
13681,9
13682,96
13683,126
13684,108
13685,14
13686,32
13687,350
13688,262
13689,116
13690,57
13691,314
13692,140
13693,90
13694,138
13695,792
13696,182
13697,1650
13698,1392
13701,138
13702,2009
13703,396
13704,128
13705,32
13706,63
13707,209
13708,84
13709,186
13710,7
13711,34
13712,72
13713,84
13714,491
13715,358
13716,240
13717,347
13718,422
13719,175
13720,124
13721,80
13722,84
13723,112
13724,112
13726,69
13727,69
13728,75
13729,336
13730,72
13731,329
13732,208
13733,132
13734,114
13735,375
13736,568
13737,260
13738,93
13739,411
13740,213
13741,50
13742,1597
13743,645
13744,406
13745,72
13746,66
13747,94
13748,7
13749,320
13750,372
13751,152
13752,234
20000,338
20001,670
20002,1346
20003,1314
20004,191
20020,129
20022,2421
20060,58
20080,1802
20100,70
20101,52
20102,2853
20120,9956
20140,432
20160,1126
20180,2322
20200,123
20201,0
20220,145
20221,244
20240,16358
20241,2165
20262,501
20280,784
20281,759
20301,27
20302,102
20303,1368
20320,84
20321,738
20322,3437
20323,32
20341,335
20342,216
20343,69
20344,432
20345,612
20346,202
20347,196
20348,235
20349,440
20350,77
20351,348
20352,579
20353,24
20354,40
20355,480
20357,659
20358,2676
20360,571
20361,872
20362,84
20363,1682
20365,237
20366,145
20367,128
20368,129
20380,45
20400,646
20401,88
20403,253
20420,399
20422,39
20423,205
20425,232
20428,2784
20440,312
20460,1128
20461,440
20501,1335
20520,665
20540,1275
20541,1101
20560,122
20580,37
20620,229
20622,40
20623,1280
20624,3531
20625,87
20626,799
20660,470
20680,510
20681,1450
20700,10
20701,28
20702,31
20720,27
20721,8
20740,36
20741,297
20760,48
20761,777
20840,10111
20862,1404
20903,33
20960,130
20962,-1
20963,-1
20966,84
21000,68
21041,348
21080,17
21100,154
21120,370
21140,106
21160,673
21180,3433
21181,277
21182,131
21184,383
21185,147
21187,76
21188,283
21200,3723
21240,3134
21280,77
21281,584
21282,27
21300,-1
21302,-1
21303,-1
21320,402
21321,699
21340,370
21360,115
21380,43
21400,1729
21401,49
21402,807
21440,526
21441,35
21442,463
21460,444
21480,39
21500,3030
21520,54
21521,700
21522,841
21523,2131
21540,62
21560,354
21580,-1
21581,-1
21582,-1
21600,9240
21640,1112
21660,137
21661,10416
21662,1250
21680,33
21681,1134
21720,46
21740,120
21741,1530
21821,377
21822,377
21840,358
21860,984
21861,324
21862,261
21880,4296
21900,737
21901,1194
21920,126
21921,133
21960,404
21961,323
21962,479
21984,-2
22020,302
22021,301
22022,309
22040,1201
22060,747
22081,1525
22100,10577
22101,22631
22121,117
22140,344
22160,2009
22161,194
22162,125
22163,93
22164,81
22165,148
22166,140
22167,113
22168,114
22169,125
22170,901
22180,668
22200,2
22201,306
22202,312
22203,306
22204,305
22205,329
22206,313
22207,302
22208,312
22209,316
22210,322
22211,327
22212,312
22213,312
22214,303
22215,290
22220,78
22300,252
22324,571
22325,753
22341,1680
22381,267
22400,1448
22401,152
22402,2264
22404,89
22405,78
22406,233
22407,324
22408,2676
22409,2093
22410,2107
22411,2094
22412,472
22413,1465
22441,448
22460,259
22462,0
22480,2427
22481,1126
22482,1365
22500,2322
22560,1678
22581,144
22582,73
22583,144
22584,157
22585,118
22623,405
22624,70
22625,899
22626,1844
22627,657
22629,264
22630,388
22642,404
22660,697
22680,-2
22682,-2
22683,-2
22700,198
22701,154
22720,22
22740,125
22745,45
22746,1668
22747,4243
22750,507
22760,15164
22781,467
22800,286
22840,2453
22860,307
22880,1338
22881,1338
22882,1338
22883,1338
22884,1338
22900,1733
22901,1655
22902,1663
22920,1623
22921,1550
22922,1549
22923,1542
22924,1536
22925,1536
22926,1542
22927,1520
22928,1520
22929,1520
22960,748
22981,302
23000,345
23020,130
23021,135
23022,157
23023,78
23024,995
23025,1014
23041,5413
23080,40
23081,40
23082,90
23100,9
23120,392
23240,360
23241,1436
23260,117
23261,40
23262,141
23263,466
23320,89
23321,78
23322,89
23323,78
23324,89
23325,78
23326,89
23327,78
23328,89
23329,78
23330,89
23331,78
23332,89
23333,78
23334,89
23335,78
23336,89
23337,78
23338,89
23339,78
23340,89
23341,78
23342,89
23343,78
23344,89
23345,78
23346,89
23347,78
23360,37
23361,78
23362,78
23363,78
23364,78
23365,78
23366,78
23368,4063
23380,4449
23420,1806
23441,233
23442,135
23443,141
23444,149
23445,115
23461,224
23541,341
23542,825
23544,233
23545,157
23561,949
23562,18
23563,1072
23580,81
23600,233
23625,233
23640,49
23660,187
23680,386
23720,21
23740,50
23741,66
23742,67
23743,67
23744,14
23745,14
23760,202
23761,187
23762,255
23763,10
23764,54
23765,47
23766,47
23767,37
23768,55
23769,55
23780,382
23781,233
23782,3130
23783,233
23800,233
23820,998
23821,233
23840,233
23841,233
23862,609
23880,1237
23900,4
23940,233
23960,233
23980,212
24000,187
24001,202
24002,187
24003,55
24004,55
24005,50
24006,66
24007,66
24008,66
24009,14
24010,14
24012,21
24013,255
24014,10
24015,54
24016,47
24017,47
24018,37
24019,165
24020,181
24021,164
24022,55
24023,55
24024,50
24025,66
24026,66
24027,66
24028,14
24029,14
24031,21
24032,257
24033,10
24034,54
24035,47
24036,47
24037,37
24038,165
24039,181
24040,164
24041,41
24042,41
24043,42
24044,58
24045,58
24046,58
24047,14
24048,14
24050,21
24051,257
24052,10
24053,68
24054,47
24055,47
24056,37
24057,166
24058,181
24059,164
24060,41
24061,41
24062,42
24063,58
24064,58
24065,58
24066,14
24067,14
24069,21
24070,515
24071,10
24072,68
24073,50
24074,54
24075,39
24076,166
24077,181
24078,164
24079,36
24080,36
24081,37
24082,54
24083,55
24084,55
24085,14
24086,14
24088,21
24089,206
24090,8
24091,202
24092,48
24093,50
24094,36
24095,166
24096,181
24097,164
24098,36
24099,36
24100,37
24101,54
24102,55
24103,55
24104,14
24105,14
24107,21
24108,206
24109,8
24110,202
24111,48
24112,50
24113,42
24114,166
24115,181
24116,164
24117,36
24118,36
24119,35
24120,52
24121,53
24122,53
24123,14
24124,14
24126,21
24127,207
24128,8
24129,202
24130,48
24131,50
24132,42
24133,166
24134,181
24135,164
24136,36
24137,36
24138,35
24139,52
24140,53
24141,53
24142,14
24143,14
24145,21
24146,248
24147,8
24148,202
24149,48
24150,50
24151,42
24152,163
24153,175
24154,161
24155,36
24156,36
24157,35
24158,52
24159,53
24160,53
24161,14
24162,14
24164,21
24165,259
24166,48
24167,50
24168,42
24169,163
24170,175
24171,161
24172,36
24173,36
24174,40
24175,51
24176,51
24177,51
24178,14
24179,14
24181,21
24182,403
24183,47
24184,49
24185,41
24186,163
24187,175
24188,161
24189,35
24191,35
24192,39
24193,50
24194,51
24195,51
24196,14
24197,14
24199,21
24200,434
24201,47
24202,49
24203,41
24204,163
24205,175
24206,161
24207,35
24208,35
24209,39
24210,50
24211,51
24212,51
24213,14
24214,14
24216,21
24217,473
24218,46
24219,48
24220,40
24221,163
24222,175
24223,161
24224,39
24225,50
24226,51
24227,51
24228,14
24229,14
24231,21
24232,489
24233,47
24234,49
24235,41
24240,233
24260,1044
24280,62
24281,134
24282,233
24301,0
24302,0
24303,0
24320,285
24340,83
24341,71
24360,140
24361,145
24362,136
24363,150
24364,124
24382,427
24383,551
24384,850
24385,56
24386,113
24387,774
24400,894
24401,420
24402,492
24420,46
24421,77
24461,64
24482,29
24483,185
24501,1055
24502,710
24503,22631
24543,-2
24544,60
24562,452
24563,-2
24582,48
24583,134
24584,163
24585,127
24586,150
24587,63
24588,149
24589,146
24590,103
24591,153
24592,143
24593,135
24594,153
24595,119
24601,151
24602,118
24603,147
24604,138
24605,104
24606,135
24607,122
24608,147
24609,33
24610,42
24611,-1480
24612,-1488
24621,285
24641,129
24642,366
24644,1706
24661,128
24681,58
24721,155
24723,1049
24741,1676
24761,1697
24781,529
24782,529
24783,538
24801,106
24821,26
24861,139
24862,355
24863,1252
24864,2459
24865,3877
24866,3826
24881,19892
24901,5942
24941,708
24943,853
24961,37
25002,265
25021,981
25041,417
25042,22445
25101,1448
25102,1126
25103,152
25104,2264
25106,78
25107,233
25108,89
25109,321
25110,321
25111,321
25112,321
25113,324
25114,382
25121,56
25141,1676
25162,735
25163,523
25181,1226
25201,312
25203,96
25204,96
25221,315
25261,4059
25262,472
25281,222
25301,145
25322,141
25341,622
25342,1170
25361,33
25362,12
25381,4
25382,2428
25383,1956
25402,1059
25421,525
25422,2322
25423,51
25424,15338
25425,51
25426,935
25441,199
25461,1604
25481,406
25482,457
25501,18503
25502,7874
25503,10383
25504,7407
25505,4408
25521,355
25561,36
25581,370
25601,3445
25621,131
25641,379
25642,447
25643,393
25661,123
25662,162
25681,517
25722,82
25724,368
25763,103
25781,374
25801,70
25821,631
25841,464
25861,1338
25862,1338
25863,1338
25864,1338
25865,864
25867,1048
25881,166
25901,23
25921,246
25922,2946
25924,4112
25925,31
25926,1002
25928,259
25929,47
25941,383
25942,614
25945,1087
25948,819
25961,121
25963,6358
25983,852
25984,224
26001,1016
26041,651
26061,1253
26081,101
26101,145
26141,121
26142,121
26143,137
26144,140
26145,144
26146,143
26147,114
26148,143
26149,1554
26162,103
26163,119
26164,110
26181,-2
26201,40
26202,40
26241,240
26242,28
26261,180
26281,336
26282,11054
26301,460
26302,556
26341,1429
26343,371
26344,1782
26362,5076
26381,420
26382,1720
26401,122
26441,218
26461,116
26462,10085
26501,159
26502,133
26521,452
26541,83
26542,69
26543,47
26544,69
26561,12270
26581,181
26583,66
26601,237
26602,640
26621,551
26641,6902
26661,310
26681,901
26701,3132
26721,38627
26722,164
26761,294
26782,508
26801,76
26821,100
26822,135
26823,129
26824,130
26825,136
26826,136
26827,136
26828,87
26829,85
26830,107
26831,99
26832,136
26841,546
26861,3499
26881,273
26941,77
26942,139
26943,98
26944,124
26945,71
26946,136
26947,136
26948,131
26949,128
26950,144
26962,2994
26981,771
27001,401
27002,46
27041,1194
27061,49
27062,85
27063,482
27082,176
27101,17253
27121,454
27161,92
27181,394
27201,7667
27202,506
27221,632
27241,63
27261,269
27262,450
27281,26
27282,470
27301,64
27321,149
27322,150
27323,68
27324,158
27325,137
27326,130
27327,132
27328,106
27329,126
27330,94
27331,111
27341,2064
27382,2637
27421,-2
27461,317
27501,322
27521,3011
27541,180
27542,748
27543,928
27544,1126
27545,2538
27546,1744
27561,837
27581,101
27601,404
27621,16
27642,89
27643,78
27644,382
27645,233
27646,2264
27647,324
27648,1448
27650,152
27651,78
27681,92
27701,48
27721,116
27741,622
27742,452
27761,153
27762,122
27763,111
27764,154
27765,132
27766,119
27781,50
27801,108
27802,125
27803,129
27804,145
27805,140
27806,9
27841,275
27861,24
27862,2830
27863,270
27864,816
27865,18
27866,4140
27868,2309
27869,153
27901,33
27921,337
27942,582
27961,183
27962,379
27963,1415
27981,116
27982,37
28001,102
28023,20974
28024,932
28044,146
28101,19
28124,3290
28141,344
28142,1388
28143,924
28144,142
28161,103
28162,45
28181,769
28182,793
28183,549
28184,691
28185,564
28186,610
28187,124
28201,3330
28221,429
28241,363
28261,600
28281,129
28301,281
28321,762
28361,87
28362,89
28363,97
28364,101
28365,103
28366,106
28367,453
28368,279
28381,327
28401,2449
28402,2328
28403,449
28441,168
28442,803
28462,180
28464,1253
28481,2559
28501,54
28502,1824
28521,453
28541,1126
28543,1646
28561,448
28581,4587
28601,46
28602,411
28603,902
28641,3672
28661,267
28663,406
28682,285
28683,339
28701,684
28721,1603
28741,24
28761,453
28762,741
28801,297
28821,210
28861,197
28862,355
28881,838
28921,9057
28961,1674
28981,115
29001,1012
29002,458
29041,390
29042,732
29043,149
29044,110
29045,120
29061,1654
29062,1444
29063,282
29064,115
29081,129
29141,880
29162,535
29181,1493
29182,2961
29201,114
29202,247
29203,175
29221,576
29242,174
29262,7936
29263,25016
29281,136
29282,3341
29301,762
29321,1149
29322,5157
29323,1684
29361,476
29381,487
29401,551
29402,162
29403,160
29404,47
29405,49
29406,41
29421,14
29422,724
29423,14
29424,50
29426,51
29427,39
29428,20
29430,762
29431,202
29432,8
29433,51
29441,769
29461,0
29462,7998
29481,1126
29482,1248
29501,566
29502,517
29503,261
29522,131
29523,451
29541,81
29581,521
29582,2581
29583,4823
29601,0
29621,3116
29641,511
29643,412
29644,412
29645,509
29647,480
29648,460
29649,460
29650,435
29651,465
29653,369
29654,363
29661,265
29662,59
29663,59
29664,59
29665,59
29666,78
29667,82
29668,63
29669,63
29670,64
29671,64
29672,80
29673,82
29681,183
29682,416
29701,627
29721,76
29742,148
29761,329
29781,3093
29801,205
29821,379
29841,2924
29842,731
29861,119
29881,400
29882,509
29901,65
29921,452
29922,803
29941,109
29961,6554
29981,42
30001,152
30022,840
30041,479
30061,632
30081,452
30082,452
30101,50
30102,499
30103,945
30122,65
30141,330
30142,675
30143,1144
30161,613
30181,229
30182,47
30201,132
30202,140
30203,135
30204,135
30205,139
30221,1896
30261,85
30262,37
30263,11253
30281,62
30282,32955
30302,428
30321,294
30341,15146
30401,275
30402,73
30403,117
30404,129
30405,89
30406,74
30407,147
30408,140
30421,172
30422,172
30423,49
30441,2875
30461,691
30462,63
30481,3798
30501,703
30521,1116
30522,908
30523,936
30524,3802
30541,45
30542,2160
30543,46
30544,77
30581,4034
30601,3381
30641,452
30661,535
30681,170
30701,40
30721,874
30741,717
30742,94
30761,89
30762,78
30763,382
30764,233
30765,2264
30766,1448
30767,152
30768,1253
30769,1126
30770,324
30781,162
30782,160
30784,174
30785,47
30786,49
30787,41
30788,14
30789,14
30790,50
30791,51
30792,51
30793,39
30794,20
30795,502
30796,202
30797,8
30799,452
30801,393
30802,-2
30821,582
30822,703
30842,823
30862,4832
30881,154
30901,1360
30902,1362
30921,3914
30941,1094
30942,1083
30943,1135
30961,1511
30962,161
30981,39
30982,234
30983,11734
30984,2340
30985,2440
31001,103
31022,507
31041,354
31061,456
31081,485
31082,394
31083,40
31101,2491
31141,317
31142,3913
31161,385
31162,108
31181,948
31201,488
31202,1664
31221,365
31241,856
31261,200
31263,943
31264,213
31301,987
31321,2901
31322,258
31323,118
31324,187
31325,81
31326,82
31327,89
31328,89
31329,89
31330,98
31331,109
31332,171
31381,13697
31401,1007
31421,874
31443,37
31461,195
31481,173
31482,440
31483,551
31501,3257
31502,375
31521,5414
31541,465
31562,101
31563,95
31564,148
31565,93
31566,79
31567,96
31568,94
31569,147
31570,119
31571,67
31572,99
31573,112
31574,23
31575,79
31576,113
31581,1613
31582,771
31601,0
31621,3386
31641,53
31681,11429
31701,333
31702,6
31703,384
31704,33
31721,1267
31741,133
31781,626
31782,596
31801,229
31841,1115
31861,461
31901,1016
31921,285
31923,131
31924,245
31961,631
31981,304
32004,140
32022,127
32041,69
32061,410
32081,714
32103,665
32122,1055
32181,28
32201,244
32241,502
32261,2342
32262,1416
32282,90563
32302,290
32321,547
32341,401
32404,1288
32441,452
32442,722
32443,622
32444,628
32445,748
32446,556
32447,726
32448,686
32449,612
32450,584
32451,660
32452,510
32453,550
32481,367
32501,299
32502,86
32503,119
32504,85
32505,68
32506,77
32507,132
32508,140
32521,261
32541,47
32542,2151
32543,139
32544,135
32545,116
32546,117
32547,132
32561,3513
32562,622
32581,1184
32601,428
32603,3637
32621,611
32661,21
32701,883
32702,117
32721,1280
32722,3128
32761,323
32781,25
32801,304
32821,3096
32841,133
32861,213
32881,1379
32901,1075
32921,2307
32922,1584
32961,887
33021,178
33022,208
33041,213
33042,213
33061,125
33062,75
33081,6428
33101,4378
33141,685
33161,2087
33181,2538
33182,133
33183,141
33184,57
33202,194
33204,89
33205,94
33206,96
33207,94
33221,213
33242,87
33261,63
33281,486
33301,146
33321,2871
33341,4705
33421,1084
33444,3518
33481,115
33482,99
33483,125
33484,84
33485,102
33486,94
33487,128
33488,114
33489,89
33501,-12
33502,49
33503,22
33504,43
33506,3107
33521,89
33522,78
33523,382
33524,233
33525,2264
33526,1448
33527,152
33528,1253
33529,1126
33530,324
33541,1637
33581,3016
33583,317
33584,466
33601,624
33621,65
33622,275
33641,435
33661,590
33681,77
33701,289
33722,200
33723,304
33781,1328
33782,189
33783,526
33784,331
33801,215
33802,25493
33822,4500
33823,298
33824,290
33825,288
33841,377
33861,46
33862,153
33863,301
33864,18
33865,71
33881,461
33882,485
33883,289
33901,400
33902,2342
33941,93
33961,134
33962,98
33963,116
33964,92
33965,113
33966,79
33967,130
33968,197
33969,284
33970,648
34001,324
34002,314
34003,317
34004,301
34005,298
34006,305
34007,291
34008,304
34009,314
34010,310
34011,333
34012,301
34013,320
34014,310
34015,301
34016,186
34061,2628
34081,3870
34082,488
34083,285
34084,502
34085,295
34101,80
34122,177
34141,866
34161,415
34222,621
34241,4586
34242,729
34263,15577
34264,610
34265,714
34266,631
34272,259
34273,69
34274,515
34275,791
34276,527
34296,540
34297,63
34300,2324
34303,676
34304,1288
34305,26114
34306,121
34309,4607
34310,714
34311,289
34312,50444
34314,651
34315,1585
34318,1021
34319,180
34320,180
34321,180
34323,40
34324,162
34325,160
34326,174
34327,47
34328,49
34329,41
34330,14
34331,14
34332,50
34333,51
34334,51
34335,39
34336,20
34337,507
34339,8
34340,559
34341,60
34345,8545
34346,1370
34347,1205
34348,121
34349,170
34350,993
34351,22
34354,247
34362,557
34363,608
34364,470
34365,35
34366,37
34368,14990
34369,9389
34373,127
34374,7286
34375,3782
34380,167
34381,169
34382,167
34384,678
34385,2337
34390,2750
34392,2697
34398,1053
34406,20
34409,2422
34414,1533
34418,144
34420,9699
34421,223
34422,209
34423,190
34425,1365
34426,536
34430,611
34434,502
34435,466
34437,1908
34438,1952
34439,2422
34440,790
34447,336
34453,1688
34456,65
34457,75
34458,128
34459,117
34464,71
34465,135
34467,79
34468,113
34469,93
34470,105
34471,147
34472,147
34473,75
34474,114
34475,89
34476,144
34481,3121
34483,104
34486,31
34488,374
34495,436
34519,485
34525,356
34526,331
34527,576
34528,347
34529,317
34530,318
34531,299
34532,279
34533,278
34534,303
34535,278
34536,282
34540,216
34543,41
34545,753
34546,219
34550,3252
34551,188
34552,651
34555,150
34556,723
34557,56
34562,797
34564,386
34565,285
34567,560
34568,854
34569,1119
34574,552
34576,121
34577,84
34578,524
34579,1253
34580,89
34581,78
34582,382
34583,233
34584,2264
34585,325
34586,1448
34587,1126
34588,152
34589,92
34590,139
34591,73
34594,283
34595,436
34596,5632
34598,2083
34600,119
34601,95
34602,5259
34603,624
34605,479
34606,331
34607,177
34608,198
34612,128
34613,82
34614,148
34615,99
34616,690
34617,139
34618,85
34619,819
34623,560
34625,70
34626,3616
34627,32
34632,128
34633,97
34634,118
34635,96
34636,2286
34637,484
34638,1385
34640,77
34641,3516
34642,92
34643,4752
34646,4593
34647,675
34649,486
34650,2626
34651,316
34652,84
34653,91
34654,137
34655,418
34657,1095
34658,1416
34660,355
34661,428
34662,477
34663,430
34664,421
34665,526
34666,526
34667,120
34669,205
34670,248
34671,691
34676,828
34677,331
34678,177
34680,102
34683,87
34684,76
34685,108
34689,88
34690,88
34696,49
34698,122
34699,3766
34701,199
34702,-2
34703,-2
34704,133
34706,-2
34707,-2
34709,-2
34710,-2
34712,-2
34714,175
34715,250
34717,180
34718,169
34719,1294
34720,58
34732,644
34734,453
34735,6760
34736,125
34737,243
34738,42
34739,62
34740,1027
34741,669
34743,76
34744,167
34759,236
34771,71
34777,175
34784,106
34787,35
34789,71
34791,42
34792,473
34793,767
34796,87
34797,144
34798,1631
34801,17341
34802,5548
34805,117
34806,106
34807,312
34808,195
34809,91
34810,42
34821,546
34822,80
34829,374
34830,2416
34836,359
34837,582
34848,15134
34851,146
34859,655
34860,109
34861,2420
34868,424
34870,1535
34871,68
34874,4193
34876,63
34877,513
34881,275
34883,860
34884,200
34887,588
34888,307
34890,722
34891,415
34892,608
34895,284
34896,957
34898,65
34902,2953
34905,143
34907,-6
34908,58
34909,320
34910,151
34911,72
34912,1040
34913,106
34915,109
34916,121
34917,123
34918,1339
34920,2288
34921,1961
34931,6646
34932,434
34933,3120
34935,2005
34938,652
34940,59
34941,942
34942,243
34943,3870
34944,19
34945,237
34967,243
34969,1014
34973,206
34975,616
34980,4680
34981,201
34982,923
34983,882
34984,173
34986,30
34988,1459
34990,2292
34991,122
34992,102
34993,114
34994,104
34995,82
34996,110
34997,83
34998,86
34999,113
35000,77
35003,2177
35005,119
35011,107
35012,396
35016,1253
35017,89
35018,78
35019,382
35020,2264
35021,1448
35022,1126
35023,152
35024,1496
35026,218
35027,247
35028,287
35029,292
35030,323
35031,260
35032,292
35034,718
35035,326
35036,624
35037,63
35040,469
35041,160
35042,160
35043,174
35044,47
35045,49
35046,41
35047,14
35048,51
35049,39
35050,20
35051,512
35052,215
35053,8
35054,14
35055,50
35056,51
35057,87
35061,288
35062,534
35063,43
35064,16
35066,24
35067,1302
35070,150
35074,65
35078,906
35080,77
35082,2343
35083,554
35085,8948
35086,233
35090,140
35091,155
35092,141
35093,159
35119,1875
35120,1990
35157,2240
35158,46
35160,73
35163,184
35164,2626
35165,-6
35166,550
35168,802
35169,576
35171,413
35173,467
35174,450
35175,415
35176,415
35177,446
35178,484
35179,454
35180,458
35181,457
35182,454
35183,355
35190,317
35192,345
35193,436
35194,4602
35197,6781
35201,88
35202,40
35203,1824
35204,730
35206,99344
35218,2427
35219,31
35221,446
35222,428
35223,465
35224,464
35225,460
35226,389
35227,390
35228,386
35229,430
35230,425
35231,350
35232,240
35233,77
35235,26
35236,43
35237,459
35238,327
35239,86
35240,493
35241,193
35242,319
35244,103
35245,46
35246,124
35247,1642
35250,911
35251,446
35256,180
35257,169
35259,792
35263,30
35267,289
35268,233
35269,336
35270,888
35271,688
35272,674
35273,736
35274,341
35275,380
35276,1228
35277,481
35278,950
35279,479
35280,547
35281,345
35282,406
35283,372
35284,363
35285,302
35286,315
35287,428
35288,428
35289,384
35290,360
35291,215
35292,466
35293,49
35294,736
35296,251
35299,277
35308,608
35309,88
35333,459
35334,531
35335,517
35336,15365
35337,72
35338,708
35339,11332
35340,52
35341,1278
35342,514
35343,59
35344,1522
35345,539
35346,104
35347,977
35348,436
35350,430
35351,-6
35352,169
35355,1845
35357,162
35358,186
35359,206
35360,229
35361,325
35362,250
35363,270
35364,247
35365,307
35366,247
35367,170
35368,172
35369,288
35370,330
35371,246
35372,363
35373,370
35374,390
35375,170
35376,269
35377,176
35378,219
35379,177
35380,198
35381,175
35382,202
35383,182
35384,424
35385,178
35386,195
35387,178
35388,198
35389,184
35390,204
35391,259
35392,268
35393,194
35394,213
35395,195
35396,228
35397,303
35398,356
35399,195
35400,219
35401,195
35402,215
35403,292
35404,216
35405,194
35406,220
35407,205
35408,205
35409,216
35410,318
35411,232
35412,229
35413,242
35414,260
35415,253
35416,231
35417,195
35418,235
35419,204
35420,263
35421,254
35422,334
35423,274
35424,304
35425,318
35426,312
35427,284
35428,351
35429,277
35430,316
35431,348
35432,288
35433,306
35434,430
35435,264
35436,292
35437,328
35438,340
35439,315
35440,287
35441,266
35442,280
35443,280
35444,270
35445,235
35446,342
35447,193
35448,214
35449,190
35450,213
35451,194
35452,208
35453,243
35454,308
35455,250
35456,222
35457,201
35458,524
35459,200
35460,221
35461,217
35462,241
35463,210
35464,221
35465,329
35466,1388
35475,200
35476,3139
35478,1069
35480,565
35481,2319
35482,3162
35483,1253
35489,51
35490,162
35491,160
35492,174
35493,47
35494,49
35495,41
35496,14
35497,14
35498,50
35499,51
35500,39
35501,20
35502,659
35503,281
35504,8
35505,715
35509,3141
35510,3984
35512,16
35513,14
35517,200
35519,25276
35525,2310
35526,461
35527,2596
35529,291
35531,237
35532,582
35534,967
35535,427
35536,3618
35540,298
35541,319
35542,311
35543,291
35544,316
35545,306
35546,323
35547,305
35548,350
35549,312
35550,345
35551,325
35552,309
35553,325
35554,340
35555,329
35556,320
35557,293
35558,312
35559,319
35560,304
35561,325
35562,326
35563,349
35564,313
35565,334
35566,320
35567,336
35568,299
35569,313
35570,24
35571,1782
35575,2302
35576,797
35577,60
35578,353
35579,82
35580,355
35584,4429
35585,7285
35586,1418
35587,2888
35588,392
35589,958
35590,27
35592,974
35593,653
35596,85
35598,1272
35599,1098
35602,313
35603,227
35604,329
35605,190
35608,201
35614,501
35615,682
35616,531
35617,0
35621,422
35622,316
35623,331
35624,211
35629,169
35630,405
35631,180
35638,872
35639,33
36026,11
36027,29
36028,10
36029,83
36030,28
36034,6612
36035,461
36036,1880
36037,289
36038,641
36044,4262
36045,629
36050,223
36053,346
36055,113
36056,125
36057,63
36058,123
36059,98
36060,138
36061,100
36062,108
36063,134
36064,174
36065,178
36067,347
36068,340
36069,726
36070,584
36074,11682
36094,245
36095,1070
36110,221
36113,192
36114,1253
36115,89
36116,78
36117,382
36118,233
36119,2264
36120,315
36121,628
36122,1448
36123,1126
36124,152
36126,43
36127,469
36128,178
36137,25
36138,219
36139,37
36140,49994
36142,2948
36143,1310
36144,3416
36145,1954
36146,3996
36147,2034
36149,563
36151,2683
36152,570
36153,133
36154,461
36158,227
36164,360
36165,37
36166,37
36167,686
36168,59
36170,-2
36171,-1484
36172,-1478
36173,-1477
36174,42
36175,115
36176,105
36177,3742
36178,2548
36179,16769
36191,49
36194,140
36195,175
36196,138
36197,58
36198,151
36199,67
36200,61
36201,105
36203,876
36207,850
36208,449
36209,93
36210,359
36211,344
36212,321
36213,282
36214,318
36215,902
36216,491
36217,434
36228,310
36230,460
36231,16773
36234,642
36237,7688
36238,978
36241,364
36242,482
36243,575
36263,2406
36268,616
36273,297
36274,200
36275,2604
36276,3370
36277,173
36280,77
36281,201
36282,512
36285,39
36286,418
36287,467
36289,562
36290,46
36314,151
36315,710
36316,1563
36319,5619
36320,169
36321,559
36323,40
36324,162
36325,178
36326,160
36327,174
36328,47
36329,50
36330,41
36331,14
36332,14
36333,50
36334,51
36335,51
36336,39
36337,20
36338,681
36340,8
36341,979
36342,383
36343,180
36344,291
36346,2802
36347,207
36349,2876
36350,1040
36351,349
36352,92
36353,0
36354,3460
36356,7681
36357,-2
36359,290
36360,3325
36361,3148
36364,419
36365,20519
36368,321
36371,787
36372,294
36373,245
36378,31
36380,4372
36381,77
36383,394
36384,724
36386,414
36387,2752
36388,1019
36389,-2
36391,1448
36392,1126
36393,152
36394,89
36395,2264
36396,1253
36397,233
36398,319
36399,382
36400,78
36403,512
36404,66
36407,577
36408,2398
36409,724
36410,142
36411,463
36412,475
36413,483
36416,725
36419,177
36421,652
36422,226
36423,7295
36424,475
36426,146
36427,760
36433,178
36434,1075
36437,339
36440,200
36441,219
36442,200
36443,248
36444,239
36445,283
36447,52
36448,2992
36449,134
36456,1358
36457,127
36459,937
36461,482
36464,-2
36465,459
36466,49
36467,560
36468,75
36469,560
36471,322
36472,197
36475,212
36477,233
36478,212
36479,267
36480,212
36481,233
36483,75
36484,75
36485,75
36486,75
36487,75
36488,75
36489,75
36490,560
36498,14726
36499,1727
36500,538
36501,538
36513,474
36514,223
36515,34
36516,198
36521,470
36523,2947
36525,867
36527,275
36528,267
36529,1055
36530,1066
36531,421
36532,2792
36533,194
36536,32
36537,801
36557,223
36558,1328
36560,187
36561,1145
36562,271
36563,218
36564,66
36565,989
36566,3758
36568,25004
36569,79
36570,1137
36571,12820
36572,69
36573,830
36575,643
36577,1222
36578,312
36581,3606
36584,51
36585,71
36586,190
36598,233
36599,222
36600,202
36601,4999
36602,562
36603,97
36604,284
36606,76
36607,448
36611,634
36612,360
36614,371
36615,908
36617,572
36618,180
36619,169
36620,757
36621,2005
36622,3140
36624,373
36625,838
36626,83
36627,599
36629,5557
36631,292
36633,4108
36634,39
36636,267
36637,231
36638,212
36639,8160
36640,197
36641,109
36643,3342
36644,322
36645,318
36649,334
36650,330
36651,5580
36652,324
36653,423
36654,498
36655,75
36657,201
36659,396
36660,598
36661,408
36662,760
36663,749
36664,717
36665,443
36666,334
36667,718
36668,460
36669,564
36670,694
36671,363
36672,524
36673,281
36675,349
36678,335
36679,324
36680,724
36682,322
36683,335
36684,20
36685,346
36686,6795
36687,341
36689,3072
36690,330
36691,343
36692,23739
36693,77
36694,349
36696,1761
36697,34
36698,325
36699,8
36700,626
36701,20
36702,39
36703,51
36704,51
36705,50
36706,14
36707,14
36708,41
36709,50
36710,47
36711,174
36712,160
36713,162
36714,40
36716,340
36717,371
36718,851
36721,357
36722,2592
36723,80
36724,6819
36725,332
36729,334
36730,332
36731,347
36732,116
36734,574
36735,333
36737,345
36739,346
36740,328
36741,22
36742,341
36743,441
36744,461
36745,0
36746,254
36749,1112
36751,314
36754,131
36755,10882
36757,79
36758,418
36759,370
36760,157
36762,46
36763,336
36764,526
36765,3270
36769,996
36773,255
36777,266
36780,31
36782,1244
36783,326
36785,80
36789,1448
36790,152
36791,2264
36792,1126
36793,1253
36794,89
36795,319
36796,332
36797,5897
36798,2420
36799,571
36800,21701
36801,1193
36802,0
36804,1844
36805,1193
36806,325
36811,339
36812,211
36813,284
36814,228
36815,209
36816,233
36817,127
36818,127
36819,233
36820,221
36821,272
36823,45
36824,1196
36825,49
36826,1408
36828,3006
36829,6773
36831,1222
36833,159
36834,1371
36835,233
36838,313
36839,325
36840,2520
36842,421
36843,159
36845,613
36846,613
36848,613
36849,251
36850,334
36851,1426
36852,608
36853,204
36854,299
36856,328
36862,66
36863,4386
36864,358
36865,219
36866,3866
36867,2317
36868,750
36872,431
36873,1057
36874,482
36875,730
36876,630
36877,164
36879,605
36883,328
36884,483
36900,340
36901,3304
36902,3077
36903,141
36904,141
36905,141
36906,141
36907,141
36908,141
36909,141
36910,141
36911,141
36912,141
36913,141
36914,141
36915,141
36916,141
36917,141
36919,262
36921,262
36922,141
36924,262
36926,262
36927,262
36928,262
36929,262
36930,262
36931,262
36932,262
36933,262
36934,262
36935,262
36936,262
36937,262
36938,262
36939,262
36940,262
36941,262
36942,262
36943,262
36944,262
36945,262
36946,262
36947,262
36948,262
36949,4773
36954,118
36955,38
36961,118
36962,22409
36963,42
36968,10223
36969,417
36970,49
36971,949
36975,3282
36977,617
36978,88
36980,1012
36981,3001
36982,3376
36983,5709
36984,147
36996,-2
36997,34094
36998,284
37001,53
37003,207
37005,93
37006,92
37007,209
37010,619
37013,1012
37016,619
37019,1013
37021,66
37023,882
37024,316
37026,3634
37027,191
37029,290
37030,89
37031,393
37032,2914
37033,256
37035,766
37037,614
37041,1561
37045,276
37046,1017
37047,825
37051,3003
37052,454
37055,245
37056,89
37057,78
37058,1253
37059,156
37060,233
37061,1448
37062,2264
37063,1126
37064,152
37065,319
37066,1426
37067,1709
37068,35
37069,101
37070,499
37071,29
37072,1058
37073,2367
37074,1514
37075,863
37076,18
37077,11328
37078,0
37081,252
37083,591
37090,40
37093,1105
37094,493
37095,245
37096,958
37098,49
37099,14
37100,77
37102,681
37103,192
37105,333
37106,545
37110,301
37111,1646
37114,319
37115,4663
37118,486
37119,326
37120,2525
37121,46
37124,5
37125,-2
37126,2378
37127,61
37128,77
37131,44
37132,858
37135,157
37136,749
37137,199
37138,639
37139,140
37140,103
37141,195
37143,1477
37144,1113
37145,1117
37146,2472
37147,27519
37155,44
37156,145
37166,4572
37167,2335
37169,877
37172,3506
37179,98
37182,2405
37183,581
37184,380
37188,508
37190,26
37191,598
37192,1244
37195,222
37196,251
37198,1411
37199,4092
37200,11
37201,454
37202,15758
37203,20710
37204,2565
37206,414
37207,13
37208,129
37209,6
37210,5
37211,129
37213,-2
37214,2936
37216,4675
37217,10
37218,705
37220,1256
37221,106
37223,122
37224,5
37226,114
37227,758
37229,1410
37230,2957
37233,2421
37236,287
37237,10
37239,1817
37240,48
37241,1377
37242,828
37250,354
37254,-4
37255,269
37256,-4
37259,1104
37261,592
37262,40
37263,40
37264,49
37265,525
37266,126
37267,146
37269,589
37270,12
37271,185
37272,241
37273,262
37274,77
37275,192
37276,46
37277,1073
37278,8706
37279,5162
37281,141
37283,2497
37284,70
37287,611
37288,56714
37289,2694
37290,7428
37293,926
37294,31
37295,1767
37296,3335
37297,3001
37298,436
37299,1147
37300,114
37302,260
37303,443
37304,426
37305,523
37309,-2
37313,122
37317,8139
37318,18
37319,680
37320,49
37321,162
37322,1411
37323,434
37324,50
37329,410
37331,164
37332,330
37334,160
37338,1344
37339,154
37340,40
37341,190
37342,20
37343,40
37344,8
37345,291
37346,270
37348,4032
37350,1667
37353,1860
37354,56
37355,1332
37356,1313
37357,1849
37358,2328
37360,386
37363,137
37364,159
37365,404
37366,76
37368,56
37370,38
37371,96
37373,155
37374,39
37375,1134
37376,50
37377,174
37378,47
37379,2988
37380,772
37381,41
37382,14162
37383,51
37384,384
37385,14
37388,51
37389,160
37390,14
37391,40
37392,154
37393,174
37394,202
37395,164
37399,162
37400,47
37402,582
37403,286
37404,905
37405,123
37408,24
37409,20
37410,50
37411,295
37412,41
37413,14
37414,14
37415,583
37416,2413
37417,8
37418,644
37419,257
37420,568
37421,472
37422,450
37423,542
37424,39
37425,426
37426,426
37427,468
37428,574
37429,532
37430,51
37431,562
37433,51
37435,436
37438,229
37439,535
37440,50
37441,169
37443,842
37444,737
37445,586
37446,476
37449,1430
37452,244
37458,570
37459,180
37460,2965
37461,434
37465,65
37466,664
37468,4320
37480,576
37487,596
37491,297
37496,218
37499,74
37513,570
37514,337
37516,231
37518,174
37519,1986
37520,25783
37521,1352
37581,31941
37583,613
37584,318
37587,430
37588,464
37589,540
37590,333
37603,841
37607,109
37608,209
37613,258
37614,532
37617,121
37619,217
37620,10490
37621,1624
37622,37
37627,49
37629,3498
37630,506
37632,14963
37633,155
37635,430
37637,189
37638,21
37639,217
37640,200
37641,3564
37643,72
37645,3005
37647,63
37651,687
37652,1176
37662,1719
37663,422
37666,2163
37667,77
37671,1207
37673,1611
37675,544
37677,220
37687,164
37688,70
37689,1411
37693,446
37694,46
37698,38
37700,3996
37701,5897
37786,1728
37817,31
37818,653
37824,37
37833,29
37836,110
37837,139
37841,2607
37842,645
37843,673
37846,312
37853,258
37861,300
37862,49
37863,204
37864,262
37866,222
37867,228
37869,313
37870,35
37871,626
37879,37
37882,254
37883,454
37888,594
37918,315